Word-1	Word-2	Frequency
acorn	nut	71
adobe	brick	86
adobe	mud	56
agate	stone	41
albino	mouse	182
albino	squirrel	52
alien	ass	96
alien	baby	80
alien	blood	44
alien	corn	152
alien	jungle	55
almond	bark	67
almond	biscotti	65
almond	biscotti	60
almond	biscotti	46
almond	butter	313
almond	butter	204
almond	butter	185
almond	butter	159
almond	butter	127
almond	butter	70
almond	butter	66
almond	cream	121
almond	cream	80
almond	cream	68
almond	cream	60
almond	cream	54
almond	flour	116
almond	flour	84
almond	flour	83
almond	flour	57
almond	flour	55
almond	milk	326
almond	milk	202
almond	milk	171
almond	milk	161
almond	milk	127
almond	milk	125
almond	milk	118
almond	milk	69
almond	nut	44
almond	oil	589
almond	oil	351
almond	oil	313
almond	oil	255
almond	oil	246
almond	oil	96
almond	oil	95
almond	toffee	73
almond	tree	467
almond	tree	446
almond	wood	197
aloe	leaf	66
aluminium	sheet	59
aluminium	sheet	56
aluminum	bronze	95
aluminum	sheet	220
aluminum	sheet	168
aluminum	sheet	104
aluminum	sheet	52
amber	amber	42
amber	flesh	41
amethyst	stone	83
anchovy	butter	63
anchovy	butter	45
anthracite	coal	148
anthracite	coal	81
anthracite	coal	51
anthracite	coal	46
antique	brass	407
antique	brass	366
antique	brass	112
antique	brass	92
antique	brass	87
antique	bronze	131
antique	china	443
antique	china	66
antique	china	59
antique	copper	382
antique	gold	228
antique	gold	140
antique	gold	66
antique	gold	46
antique	hunter	67
antique	iron	52
antique	lacquer	118
antique	linen	77
antique	pine	60
antique	pine	46
antique	pine	44
antique	silver	286
antique	silver	185
antique	silver	182
antique	silver	57
antique	silver	51
antique	wood	73
antique	wood	54
apple	brandy	230
apple	brandy	42
apple	brandy	42
apple	butter	665
apple	butter	289
apple	butter	245
apple	butter	219
apple	butter	201
apple	butter	166
apple	butter	142
apple	candy	49
apple	cinnamon	71
apple	flesh	60
apple	flesh	44
apple	iPod	48
apple	iPod	41
apple	marmalade	147
apple	mouse	100
apple	pancake	43
apple	salad	147
apple	salad	110
apple	tea	40
apple	tree	4124
apple	tree	3433
apple	tree	98
apple	tree	58
apple	tree	55
apple	tree	44
apple	tree	40
apple	wine	94
apple	wine	48
apple	wood	139
apricot	brandy	104
apricot	brandy	58
apricot	brandy	51
apricot	oil	131
apricot	oil	89
apricot	oil	40
apricot	tree	175
apricot	tree	139
aquamarine	crystal	94
aquamarine	ocean	143
ash	cloud	500
ash	cloud	316
ash	leather	84
ash	tree	511
ash	tree	339
asparagus	fern	57
asparagus	salad	87
asparagus	salad	82
asphalt	cement	396
asphalt	cement	163
asphalt	cement	159
asphalt	cement	119
asphalt	cement	89
asphalt	cement	54
asphalt	cement	49
asphalt	concrete	371
asphalt	concrete	350
asphalt	concrete	209
asphalt	concrete	184
asphalt	concrete	162
asphalt	concrete	108
asphalt	concrete	85
asphalt	jungle	264
asphalt	jungle	137
aubergine	caviar	43
autumn	crocus	119
autumn	crocus	59
autumn	foliage	240
autumn	foliage	225
autumn	foliage	195
autumn	foliage	173
autumn	foliage	143
autumn	foliage	136
autumn	forest	114
autumn	forest	47
autumn	garden	163
autumn	garden	46
autumn	mist	79
autumn	moon	234
autumn	moon	191
autumn	moonlight	77
autumn	night	219
autumn	night	201
autumn	olive	72
autumn	scenery	68
autumn	sky	568
autumn	sky	417
autumn	sun	2128
autumn	sun	522
autumn	sunshine	289
autumn	sunshine	180
autumn	tree	72
avocado	butter	50
avocado	butter	43
avocado	cream	59
avocado	cream	46
avocado	oil	619
avocado	oil	431
avocado	oil	321
avocado	oil	160
avocado	oil	85
avocado	oil	49
avocado	salad	294
avocado	salad	277
avocado	salad	118
avocado	salad	54
avocado	shrimp	58
avocado	tree	156
avocado	tree	66
azure	lagoon	64
azure	moss	131
azure	ocean	145
azure	ocean	51
azure	sky	1880
azure	sky	956
azure	sky	78
azure	sky	55
baby	bear	286
baby	bear	228
baby	bear	197
baby	bear	95
baby	bear	83
baby	bear	50
baby	bunny	196
baby	bunny	108
baby	camel	51
baby	camel	50
baby	carrot	191
baby	carrot	98
baby	cat	88
baby	cat	60
baby	corn	532
baby	corn	528
baby	corn	213
baby	corn	147
baby	corn	76
baby	corn	73
baby	cow	168
baby	cow	103
baby	cow	44
baby	crow	46
baby	dragon	429
baby	dragon	266
baby	dragon	173
baby	dragon	129
baby	dust	54
baby	dust	42
baby	elephant	1052
baby	elephant	807
baby	elephant	328
baby	elephant	272
baby	elephant	61
baby	elephant	44
baby	fawn	42
baby	fern	65
baby	fox	55
baby	fox	49
baby	frog	43
baby	ghost	42
baby	kangaroo	390
baby	kangaroo	356
baby	kangaroo	197
baby	lamb	284
baby	lamb	128
baby	leek	2870
baby	lettuce	52
baby	lettuce	41
baby	lion	101
baby	lion	79
baby	milk	159
baby	milk	82
baby	milk	45
baby	mouse	147
baby	mouse	73
baby	oil	1439
baby	oil	1058
baby	oil	740
baby	oil	727
baby	oil	613
baby	oil	563
baby	oil	500
baby	oil	223
baby	oil	198
baby	pigeon	77
baby	robin	49
baby	shit	77
baby	shit	72
baby	shoe	44
baby	shoe	42
baby	shrimp	350
baby	shrimp	233
baby	shrimp	103
baby	shrimp	102
baby	shrimp	55
baby	soap	70
baby	soap	46
baby	spider	51
baby	spinach	1345
baby	spinach	536
baby	spinach	305
baby	spinach	265
baby	spinach	101
baby	spinach	83
baby	spinach	66
baby	squirrel	214
baby	squirrel	149
baby	squirrel	40
baby	star	63
baby	swan	53
baby	teeth	794
baby	teeth	157
baby	teeth	115
baby	teeth	42
baby	tiger	114
baby	tiger	113
baby	tomato	76
baby	tree	307
baby	tree	57
baby	whale	130
baby	whale	117
baby	whale	80
bacon	salad	100
bacon	salad	97
bacon	tree	67
ballerina	mouse	88
banana	cream	48
banana	cream	48
banana	cream	47
banana	leaf	1359
banana	leaf	826
banana	leaf	198
banana	leaf	168
banana	leaf	74
banana	leaf	63
banana	leaf	62
banana	leaf	59
banana	leaf	46
banana	milkshake	432
banana	milkshake	90
banana	nut	52
banana	prawn	62
banana	tree	836
banana	tree	511
banana	tree	406
banana	tree	362
barn	cat	224
barn	cat	181
barn	cat	120
barn	cat	67
barn	fire	347
barn	fire	173
barn	fire	61
barn	fire	55
bean	chili	65
bean	chili	55
bean	leaf	75
bean	salad	171
bean	salad	103
bean	salad	94
bean	salad	65
bean	salad	55
bean	salad	49
bean	tree	60
bear	garden	69
bear	garden	62
bear	grass	1091
bear	grass	810
bear	grass	125
bear	grass	83
bear	grass	43
bear	hunter	70
bear	hunter	68
bear	hunter	44
beaver	meadow	61
bee	bee	67
bee	brain	173
bee	brain	56
bee	hummingbird	166
bee	tree	136
bee	tree	134
bee	tree	64
bee	tree	50
bee	wax	66
bee	wax	43
beech	forest	183
beech	forest	164
beech	forest	163
beech	forest	138
beech	forest	115
beech	forest	97
beech	tree	455
beech	tree	412
beech	tree	347
beech	tree	333
beech	wood	425
beech	wood	216
beech	wood	137
beech	wood	93
beech	wood	73
beech	wood	64
beech	wood	59
beech	wood	46
beech	wood	45
beef	bone	43
beef	cow	169
beef	cow	130
beef	cow	121
beef	cow	49
beef	gravy	269
beef	gravy	103
beef	gravy	99
beef	gravy	58
beef	gravy	45
beef	heart	109
beef	heart	48
beef	heart	45
beef	liver	183
beef	liver	121
beef	salad	45
beef	steak	109
beef	steak	83
beef	steak	51
beef	steak	40
beef	tea	74
beef	tomato	49
beetroot	salad	64
beige	leather	132
beige	leather	54
beige	leather	49
beige	linen	44
beige	marble	106
beige	mouse	104
beige	ribbon	41
beige	tweed	49
beryl	stone	369
bile	salt	98
bile	salt	73
bile	salt	53
bile	salt	49
biscuit	crust	82
biscuit	crust	54
biscuit	dough	145
biscuit	dough	70
biscuit	dough	45
biscuit	dough	43
biscuit	dough	40
biscuit	dough	40
bleach	blonde	45
blister	rust	46
blonde	ass	140
blonde	ass	105
blonde	ass	88
blonde	ass	83
blonde	cream	129
blonde	cream	79
blonde	cream	79
blonde	cream	59
blonde	cucumber	99
blonde	cucumber	98
blonde	cucumber	90
blonde	cucumber	55
blonde	eye	110
blonde	eye	86
blonde	eye	74
blonde	eye	71
blonde	lingerie	118
blonde	lingerie	87
blonde	lingerie	85
blonde	lingerie	50
blonde	nipple	132
blonde	nipple	104
blonde	nipple	76
blonde	nipple	73
blonde	wood	74
blonde	wood	63
blonde	wood	49
blonde	wood	47
blonde	wood	45
blood	blister	254
blood	blister	117
blood	lust	209
blood	lust	191
blood	lust	175
blood	lust	170
blood	lust	160
blood	lust	135
blood	lust	130
blood	lust	93
blood	lust	87
blood	moon	47
blood	moon	44
blood	moon	41
blood	orchid	48
blood	orchid	40
blood	royal	820
blood	royal	509
blood	stone	50
blood	sugar	2707
blood	sugar	2047
blood	sugar	1211
blood	sugar	1075
blood	sugar	239
blood	sugar	211
blood	sugar	174
blood	sugar	110
blood	sugar	87
bluebell	wood	99
bluebell	wood	93
blueberry	honey	56
bluegrass	lawn	106
blush	wine	64
bone	ash	66
bone	bruise	434
bone	bruise	288
bone	bruise	122
bone	cement	650
bone	cement	278
bone	cement	159
bone	cement	140
bone	cement	125
bone	cement	80
bone	cement	51
bone	cement	45
bone	china	279
bone	china	150
bone	china	84
bone	china	64
bone	nut	132
bone	nut	72
bone	oil	41
bone	saddle	45
bone	wax	75
bone	wax	46
bone	wax	45
bourbon	whiskey	57
bourbon	whiskey	49
brain	candy	49
brain	cloud	87
brain	coral	100
brain	coral	65
brain	coral	64
brain	coral	59
brain	coral	53
brain	coral	44
brain	storm	233
brain	storm	84
brain	storm	59
brain	tree	40
bran	oil	228
brandy	butter	121
brandy	butter	114
brandy	butter	93
brandy	butter	85
brandy	butter	61
brandy	paper	103
brass	boot	78
brass	grill	53
brass	leaf	48
brass	nut	116
brass	nut	106
brass	nut	92
brass	nut	89
brass	nut	47
brass	plaque	372
brass	plaque	328
brass	plaque	320
brass	plaque	240
brass	plaque	89
brass	plaque	64
brass	plaque	42
brass	sheet	111
brass	sheet	43
brick	chimney	303
brick	chimney	268
brick	chimney	148
brick	chimney	76
brick	chimney	66
brick	clay	66
brick	clay	58
brick	dust	79
brick	dust	71
brick	dust	52
brick	dust	40
brick	oven	914
brick	oven	667
brick	oven	360
brick	oven	182
brick	oven	79
broccoli	salad	58
bronze	dragon	55
bronze	dragon	43
bronze	foliage	81
bronze	foliage	67
bronze	foliage	44
bronze	foliage	43
bronze	leaf	64
bronze	leaf	55
bronze	plaque	575
bronze	plaque	512
bronze	plaque	156
bronze	plaque	107
bronze	star	733
bronze	star	456
bronze	star	271
bronze	star	254
bronze	star	246
bronze	star	111
bronze	star	56
bronze	tan	51
buff	clay	88
burgundy	foliage	183
burgundy	leather	51
burgundy	ribbon	90
burgundy	ribbon	65
burgundy	ribbon	62
burgundy	velvet	131
burgundy	velvet	50
burgundy	wine	76
burgundy	wine	70
burgundy	wine	51
burnt	asphalt	329
burnt	bone	93
burnt	brick	53
burnt	butter	46
burnt	caramel	60
burnt	caramel	47
burnt	coffee	53
burnt	crust	80
burnt	flesh	102
burnt	flesh	54
burnt	forest	58
burnt	forest	54
burnt	forest	47
burnt	grass	56
burnt	grass	53
burnt	lime	40
burnt	linen	49
burnt	peat	48
burnt	sienna	319
burnt	sienna	148
burnt	sienna	88
burnt	sienna	73
burnt	sienna	48
burnt	soil	83
burnt	sugar	163
burnt	sugar	80
burnt	sugar	75
burnt	sugar	50
burnt	toast	244
burnt	toast	62
burnt	toast	42
burnt	tree	55
burnt	umber	309
burnt	umber	114
burnt	umber	79
burnt	umber	57
burnt	umber	52
burnt	wood	86
burnt	wood	63
butter	cocoa	85
butter	cow	49
butter	cow	44
butter	cream	190
butter	cream	125
butter	cream	102
butter	cream	93
butter	cream	92
butter	cream	49
butter	lettuce	239
butter	lettuce	228
butter	lettuce	54
butter	lettuce	42
butter	milk	218
butter	milk	88
butter	milk	48
butter	oil	132
butter	oil	78
butter	paper	91
butter	paper	49
butter	pecan	117
butter	pecan	77
butter	pecan	49
butter	salt	55
butter	tea	69
buttermilk	biscuit	148
buttermilk	biscuit	40
butternut	tree	74
butterscotch	amber	126
butterscotch	candy	52
buttery	caramel	46
buttery	crust	166
buttery	crust	135
buttery	spinach	79
buttery	toast	55
cabbage	garden	56
cabbage	garden	52
cabbage	leaf	445
cabbage	leaf	379
cabbage	leaf	69
cabbage	leaf	56
cabbage	rose	75
cabbage	salad	129
cabbage	salad	67
cabbage	salad	53
cabbage	salad	50
cabbage	salad	41
cabbage	tree	67
cabbage	tree	61
camel	bone	100
camel	dung	64
camel	grass	79
camel	grass	52
camel	milk	97
camel	milk	41
camel	spider	94
camel	spider	64
camel	spider	54
camel	spider	45
camphor	oil	40
camphor	tree	208
camphor	tree	172
camphor	tree	46
canary	brain	133
candy	apple	270
candy	apple	129
candy	ass	93
candy	corn	374
candy	corn	248
candy	corn	212
candy	corn	182
candy	corn	161
candy	corn	106
candy	corn	80
candy	corn	77
candy	corn	63
candy	corn	51
candy	heart	83
candy	heart	60
candy	mint	53
candy	mint	43
candy	sugar	69
canopy	tree	60
canopy	tree	51
cantaloupe	melon	44
canvas	canopy	113
canvas	canopy	64
canvas	canvas	77
canvas	canvas	52
canvas	paper	58
canvas	sheet	61
canvas	sheet	53
cappuccino	coffee	223
caramel	apple	266
caramel	apple	116
caramel	apple	47
caramel	candy	191
caramel	candy	42
caramel	corn	311
caramel	corn	56
caramel	corn	51
caramel	custard	45
caramel	oil	95
cardboard	coffin	84
cardboard	coffin	65
cardboard	sheet	82
cardboard	sheet	59
cardboard	sheet	49
carnation	oil	311
carrot	cream	199
carrot	oil	150
carrot	oil	43
carrot	salad	121
carrot	salad	111
carrot	salad	75
carrot	salad	53
cat	brain	439
cat	brain	70
cat	eye	102
cat	eye	80
cat	eye	43
cat	faeces	98
cat	faeces	54
cat	faeces	43
cat	heart	61
cat	milk	62
cat	mummy	40
cat	pee	77
cat	pee	60
cat	piss	48
cat	poop	49
cat	poop	46
cat	rose	49
cat	saliva	94
cat	shit	41
cat	squirrel	100
cat	tree	346
cat	tree	297
cat	tree	251
cat	tree	155
cat	turd	56
cat	urine	143
cat	urine	65
cauliflower	cheese	55
cauliflower	cheese	52
cauliflower	salad	55
cedar	bark	124
cedar	bark	75
cedar	bark	75
cedar	bark	61
cedar	bark	46
cedar	elm	49
cedar	forest	207
cedar	forest	204
cedar	forest	132
cedar	forest	109
cedar	forest	91
cedar	forest	63
cedar	leaf	74
cedar	leaf	71
cedar	tree	2032
cedar	tree	748
cedar	tree	673
cedar	tree	516
cedar	tree	51
cedar	wood	1610
cedar	wood	1265
cedar	wood	925
cedar	wood	182
cedar	wood	126
cedar	wood	114
cedar	wood	71
cedar	wood	42
celery	salad	110
celery	salad	51
celery	salt	760
celery	salt	229
celery	salt	198
celery	salt	184
celery	salt	158
celery	salt	79
celery	salt	65
cement	concrete	56
cement	concrete	54
cement	concrete	48
cement	dust	84
cement	dust	45
cement	dust	44
cerulean	sky	136
cerulean	sky	101
cerulean	sky	72
cerulean	sky	69
chalk	dust	148
chalk	dust	119
chalk	dust	119
chalk	dust	77
chalk	dust	52
chalk	dust	50
champagne	toast	1875
champagne	toast	1257
champagne	toast	642
champagne	toast	193
champagne	toast	126
champagne	toast	113
champagne	toast	98
champagne	toast	66
charcoal	chimney	78
charcoal	chimney	42
charcoal	dust	54
charcoal	dust	40
charcoal	fire	1390
charcoal	fire	1109
charcoal	fire	159
charcoal	fire	145
charcoal	grill	3002
charcoal	grill	2328
charcoal	grill	930
charcoal	grill	685
charcoal	grill	676
charcoal	grill	284
charcoal	grill	137
charcoal	grill	119
charcoal	grill	100
charcoal	leather	79
charcoal	oven	142
charcoal	oven	52
cheddar	cheese	6964
cheddar	cheese	3866
cheddar	cheese	3643
cheddar	cheese	3477
cheddar	cheese	2170
cheddar	cheese	623
cheddar	cheese	346
cheddar	cheese	116
cheddar	cheese	107
cheese	biscuit	333
cheese	biscuit	229
cheese	milk	49
cheese	night	63
cheese	night	44
cheese	rice	41
cheese	salad	66
cheese	salad	62
cheese	steak	198
cheese	steak	177
cheese	steak	132
cheese	steak	127
cheese	toast	132
cherry	brandy	181
cherry	brandy	139
cherry	brandy	105
cherry	brandy	63
cherry	brandy	61
cherry	brandy	49
cherry	brandy	45
cherry	cola	44
cherry	cola	43
cherry	lollipop	41
cherry	moon	56
cherry	stone	73
cherry	stone	51
cherry	tobacco	54
cherry	tomato	657
cherry	tomato	294
cherry	tomato	138
cherry	tomato	94
cherry	tomato	90
cherry	tomato	43
cherry	tree	2636
cherry	tree	2152
cherry	tree	1998
cherry	tree	1446
cherry	tree	48
cherry	tree	47
cherry	wine	43
cherry	wood	830
cherry	wood	300
cherry	wood	216
cherry	wood	214
cherry	wood	104
cherry	wood	98
cherry	wood	51
cherry	wood	43
chestnut	flour	64
chestnut	flour	45
chestnut	leaf	61
chestnut	tree	719
chestnut	tree	705
chestnut	tree	436
chestnut	tree	401
chestnut	wood	86
chestnut	wood	72
chestnut	wood	60
chickpea	curry	95
chickpea	curry	92
chickpea	flour	94
chickpea	flour	83
chickpea	flour	78
chickpea	flour	56
chickpea	salad	44
chiffon	ribbon	53
chiffon	ribbon	45
chiffon	ribbon	43
chili	oil	360
chili	oil	185
chili	oil	154
chili	oil	113
chili	oil	97
chili	oil	76
chili	oil	61
chili	pepper	790
chili	pepper	659
chili	pepper	321
chili	pepper	301
chili	pepper	296
chili	pepper	243
chili	pepper	183
chili	pepper	152
chili	pepper	116
chilli	beef	45
chilli	oil	113
chilli	oil	73
chilli	oil	66
chilli	oil	43
chilli	pepper	146
chilli	pepper	107
chilli	pepper	88
chilli	pepper	65
chilli	pepper	50
chilli	pepper	50
chilli	pepper	49
chimney	fire	1878
chimney	fire	981
chimney	fire	41
chimney	smoke	72
chimney	smoke	46
china	clay	166
china	clay	94
china	clay	40
china	cow	56
china	silk	60
chive	butter	41
chive	oil	124
chive	oil	110
chive	oil	79
chocolate	bark	45
chocolate	biscotti	110
chocolate	biscuit	285
chocolate	biscuit	147
chocolate	bunny	196
chocolate	bunny	161
chocolate	bunny	63
chocolate	bunny	43
chocolate	buttercream	136
chocolate	buttercream	128
chocolate	buttercream	72
chocolate	buttercream	47
chocolate	candy	218
chocolate	candy	133
chocolate	candy	120
chocolate	candy	64
chocolate	candy	56
chocolate	candy	51
chocolate	candy	46
chocolate	candy	41
chocolate	caramel	80
chocolate	caramel	45
chocolate	cat	52
chocolate	cherry	78
chocolate	cherry	52
chocolate	cigar	40
chocolate	coffin	569
chocolate	cream	201
chocolate	cream	200
chocolate	cream	99
chocolate	cream	92
chocolate	cream	90
chocolate	cream	77
chocolate	cream	62
chocolate	cream	59
chocolate	cream	56
chocolate	crust	124
chocolate	crust	77
chocolate	dough	48
chocolate	elephant	91
chocolate	frog	201
chocolate	frog	73
chocolate	hazelnut	98
chocolate	heart	92
chocolate	heart	85
chocolate	heart	70
chocolate	honey	78
chocolate	leather	59
chocolate	milk	1784
chocolate	milk	852
chocolate	milk	474
chocolate	milk	421
chocolate	milk	328
chocolate	milk	291
chocolate	milk	276
chocolate	milk	223
chocolate	milk	217
chocolate	milk	215
chocolate	milk	90
chocolate	milkshake	2175
chocolate	milkshake	557
chocolate	mint	172
chocolate	mint	66
chocolate	mouse	49
chocolate	mouse	45
chocolate	raspberry	60
chocolate	strawberry	50
chocolate	toffee	187
chocolate	tree	42
chocolate	tree	41
cigar	orchid	42
cigar	smoke	666
cigar	smoke	487
cigar	smoke	287
cigar	smoke	224
cigar	smoke	211
cigar	smoke	190
cigar	smoke	145
cigar	tobacco	54
cinnamon	bark	423
cinnamon	bark	70
cinnamon	bark	50
cinnamon	bean	42
cinnamon	butter	54
cinnamon	butter	51
cinnamon	fern	63
cinnamon	leaf	62
cinnamon	oil	80
cinnamon	oil	66
cinnamon	oil	53
cinnamon	oil	44
cinnamon	raisin	43
cinnamon	rice	73
cinnamon	sugar	1543
cinnamon	sugar	569
cinnamon	sugar	394
cinnamon	sugar	377
cinnamon	sugar	278
cinnamon	sugar	134
cinnamon	sugar	118
cinnamon	teal	75
cinnamon	teal	70
cinnamon	toast	113
cinnamon	toast	82
cinnamon	toast	58
cinnamon	toast	40
cinnamon	tree	188
cinnamon	tree	157
cinnamon	tree	47
citron	tree	75
citrus	butter	67
citrus	butter	53
citrus	butter	46
citrus	lemon	99
citrus	oil	96
citrus	oil	45
citrus	oil	44
citrus	tree	201
citrus	tree	172
citrus	tree	60
claret	ash	46
claret	velvet	219
clay	oven	762
clay	oven	425
clay	oven	376
clay	oven	155
clay	pigeon	296
clay	pigeon	241
clay	sheet	43
clay	soil	606
clay	soil	574
clay	soil	532
clay	soil	363
clay	soil	323
clay	soil	166
clay	soil	142
clay	soil	124
clay	soil	43
clay	stone	48
cloud	canopy	41
cloud	forest	1886
cloud	forest	1460
cloud	forest	433
cloud	forest	399
cloud	forest	331
cloud	forest	245
cloud	ice	82
cloud	ice	59
cloud	shadow	167
cloud	shadow	47
cloud	smog	52
clove	oil	197
clove	oil	85
clove	oil	66
clove	oil	51
clove	oil	50
clove	oil	45
clove	tree	71
clove	tree	71
clove	tree	70
coal	ash	163
coal	ash	156
coal	ash	113
coal	ash	108
coal	ash	63
coal	ash	57
coal	ash	43
coal	dust	691
coal	dust	564
coal	dust	561
coal	dust	472
coal	dust	381
coal	dust	366
coal	dust	236
coal	dust	41
coal	fire	621
coal	fire	591
coal	fire	304
coal	fire	239
coal	fire	95
coal	oil	65
coal	oil	60
coal	oil	59
coal	oil	58
coal	oven	65
coal	smoke	74
coal	smoke	72
coal	smoke	69
coal	smoke	55
coal	smoke	42
coal	tar	516
coal	tar	339
coal	tar	325
coal	tar	306
coal	tar	232
coal	tar	107
coal	tar	90
cobalt	port	45
cobalt	salt	52
cobalt	sky	127
cobalt	sky	101
cobalt	sky	64
cobalt	sky	63
cocoa	bean	676
cocoa	bean	601
cocoa	bean	70
cocoa	bean	44
cocoa	butter	2145
cocoa	butter	965
cocoa	butter	921
cocoa	butter	730
cocoa	butter	698
cocoa	butter	503
cocoa	butter	343
cocoa	cream	102
cocoa	meringue	43
cocoa	tree	341
cocoa	tree	191
cocoa	tree	49
coffee	bean	2580
coffee	bean	726
coffee	bean	660
coffee	bean	272
coffee	bean	209
coffee	bean	52
coffee	berry	51
coffee	berry	46
coffee	cherry	133
coffee	cherry	85
coffee	cream	57
coffee	cream	56
coffee	cream	48
coffee	cream	45
coffee	cream	43
coffee	milk	450
coffee	straw	55
coffee	tea	57
coffee	tree	340
coffee	tree	271
coffee	tree	99
coffee	tree	78
coffin	bone	547
coffin	bone	215
cognac	bean	57
cola	nut	99
cola	nut	60
cola	nut	53
communist	paper	54
communist	paper	46
concrete	blonde	41
concrete	brick	47
concrete	dust	91
concrete	dust	58
concrete	dust	40
concrete	elephant	161
concrete	jungle	2229
concrete	jungle	1900
concrete	jungle	1279
concrete	jungle	1031
concrete	jungle	42
concrete	park	57
concrete	park	42
concrete	tree	63
copper	beech	108
copper	beech	63
copper	beech	43
copper	beech	43
copper	dust	51
copper	leaf	122
copper	leaf	80
copper	leaf	48
copper	oil	41
copper	port	79
copper	salt	67
copper	sheet	269
copper	sheet	111
copper	sheet	90
copper	sheet	71
copper	sheet	49
copper	sheet	47
copper	sky	266
copper	sky	41
copper	wool	206
copper	wool	44
coral	garden	118
coral	garden	80
coral	garden	63
coral	garden	45
coral	lagoon	114
coral	lagoon	42
coral	lipstick	57
coral	sand	93
coral	sand	72
coral	sand	60
coral	skeleton	287
coral	skeleton	126
coral	stone	49
coral	tree	90
coral	tree	51
coral	trout	140
coral	trout	110
coral	trout	72
coral	trout	42
corn	beef	48
corn	bisque	42
corn	bran	72
corn	bran	53
corn	canopy	59
corn	canopy	43
corn	flour	433
corn	flour	280
corn	flour	234
corn	flour	232
corn	flour	194
corn	flour	168
corn	flour	143
corn	leaf	62
corn	leaf	47
corn	lily	43
corn	nut	103
corn	oil	1489
corn	oil	688
corn	oil	522
corn	oil	311
corn	oil	222
corn	oil	191
corn	oil	188
corn	salad	212
corn	salad	176
corn	silk	78
corn	silk	54
corn	silk	51
corn	starch	1069
corn	starch	572
corn	starch	501
corn	starch	499
corn	starch	352
corn	starch	312
corn	starch	292
corn	starch	44
corn	sugar	139
corn	sugar	116
corn	sugar	102
corn	sugar	67
cornmeal	crust	86
cornmeal	crust	58
cotton	candy	1825
cotton	candy	895
cotton	candy	554
cotton	candy	404
cotton	candy	368
cotton	candy	330
cotton	candy	315
cotton	candy	256
cotton	candy	179
cotton	candy	64
cotton	candy	43
cotton	canopy	74
cotton	canvas	152
cotton	canvas	79
cotton	canvas	72
cotton	canvas	40
cotton	grass	72
cotton	leaf	55
cotton	linen	42
cotton	mouse	46
cotton	nightgown	42
cotton	oil	67
cotton	sheet	142
cotton	sheet	120
cotton	tree	74
cotton	tree	50
cotton	wool	1276
cotton	wool	772
cotton	wool	597
cotton	wool	422
cotton	wool	304
cotton	wool	236
cotton	wool	161
cotton	wool	135
cotton	wool	115
cotton	wool	45
cow	barn	267
cow	barn	205
cow	barn	139
cow	barn	134
cow	dung	891
cow	dung	624
cow	dung	531
cow	dung	369
cow	dung	306
cow	dung	151
cow	dung	139
cow	elephant	43
cow	elk	121
cow	elk	59
cow	eye	65
cow	leather	81
cow	manure	344
cow	manure	216
cow	manure	200
cow	manure	197
cow	manure	146
cow	manure	116
cow	manure	75
cow	milk	325
cow	milk	178
cow	milk	127
cow	milk	93
cow	milk	59
cow	milk	58
cow	parsley	53
cow	parsley	41
cow	shit	229
cow	shit	80
cow	shit	44
cow	teeth	62
cow	urine	68
cow	urine	55
cranberry	mustard	48
crap	night	45
cream	ale	76
cream	ale	52
cream	blush	68
cream	blush	46
cream	butter	223
cream	butter	197
cream	cheese	9242
cream	cheese	9102
cream	cheese	8642
cream	cheese	7244
cream	cheese	5421
cream	cheese	5344
cream	cheese	2805
cream	cheese	271
cream	cheese	217
cream	cheese	187
cream	cheese	64
cream	corn	71
cream	corn	46
cream	corn	41
cream	corn	40
cream	flesh	46
cream	foliage	47
cream	gravy	223
cream	gravy	206
cream	gravy	115
cream	gravy	93
cream	gravy	89
cream	leather	199
cream	leather	95
cream	leather	87
cream	linen	42
cream	oatmeal	60
cream	ribbon	41
cream	tea	437
cream	tea	240
cream	tea	57
cream	tea	43
crimson	blood	96
crimson	blood	89
crimson	blush	76
crimson	blush	54
crimson	dawn	176
crimson	fire	43
crimson	foam	82
crimson	gore	46
crimson	moon	71
crimson	ribbon	75
crimson	ribbon	44
crimson	rose	146
crimson	rose	76
crimson	rose	44
crimson	satin	47
crimson	silk	96
crimson	silk	95
crimson	sky	431
crimson	sky	225
crimson	sky	183
crimson	sky	113
crimson	sun	77
crimson	sun	54
crimson	sunset	42
crimson	velvet	287
crimson	velvet	69
crimson	velvet	55
crimson	wool	210
crystal	apple	52
crystal	china	58
crystal	coffin	77
crystal	coffin	48
crystal	garden	99
crystal	garden	54
crystal	garden	44
crystal	heart	106
crystal	moon	175
crystal	opal	97
crystal	salt	62
crystal	sky	67
crystal	sky	43
crystal	sky	41
crystal	stone	82
crystal	stone	63
crystal	stone	56
crystal	stone	50
crystal	stone	45
crystal	sugar	137
crystal	violet	538
crystal	violet	313
crystal	violet	262
crystal	violet	92
crystal	willow	63
cucumber	salad	805
cucumber	salad	491
cucumber	salad	311
cucumber	salad	258
cucumber	salad	173
cucumber	salad	125
cucumber	salad	109
cucumber	salad	100
cucumber	salad	79
cucumber	spaghetti	45
currant	leaf	175
currant	wine	52
currant	wine	50
curried	rice	40
curry	leaf	48
curry	night	51
curry	oil	46
curry	rice	53
custard	apple	140
custard	apple	76
custard	apple	52
custard	apple	50
custard	cream	96
custard	cream	65
custard	cream	52
custard	cream	40
custard	cream	40
dandelion	leaf	56
dandelion	wine	50
dawn	mist	97
dawn	mist	41
dawn	redwood	102
dawn	redwood	42
dawn	rose	51
dawn	sky	634
dawn	sky	271
dawn	sky	65
dawn	sun	239
dawn	sun	47
demon	ass	93
demon	cat	154
demon	hunter	270
demon	hunter	249
demon	hunter	185
demon	hunter	101
demon	hunter	98
demon	rum	139
demon	rum	99
demon	rum	43
denim	lapis	41
desert	camouflage	50
desert	cat	58
desert	dawn	65
desert	dawn	50
desert	dust	256
desert	dust	237
desert	dust	88
desert	dust	81
desert	dust	65
desert	dust	43
desert	earth	66
desert	elephant	52
desert	fox	141
desert	fox	74
desert	fox	60
desert	fox	41
desert	garden	120
desert	garden	74
desert	garden	51
desert	grass	86
desert	lizard	63
desert	moon	262
desert	moon	92
desert	moon	62
desert	night	1004
desert	night	705
desert	night	270
desert	night	124
desert	rose	394
desert	rose	79
desert	rose	70
desert	sand	2041
desert	sand	1425
desert	sand	179
desert	sand	84
desert	sand	52
desert	sand	48
desert	sand	47
desert	scenery	198
desert	scenery	125
desert	scenery	118
desert	scenery	61
desert	sky	945
desert	sky	505
desert	sky	103
desert	sky	64
desert	soil	236
desert	soil	93
desert	spider	60
desert	storm	478
desert	storm	172
desert	storm	82
desert	storm	57
desert	storm	44
desert	summer	63
desert	summer	41
desert	sun	3216
desert	sun	1602
desert	sun	99
desert	sun	70
desert	sunset	268
desert	sunset	145
desert	sunset	130
desert	sunset	79
desert	sunshine	59
desert	tan	44
desert	willow	55
desert	wine	63
desert	wine	48
desert	winter	47
devil	baby	50
devil	blush	58
dragon	fire	52
dragon	hunter	69
dragon	hunter	47
dragon	spruce	335
dragon	tree	52
dun	nightingale	44
dung	port	297
dust	boot	44
dust	bunny	230
dust	bunny	97
dust	bunny	48
dust	cloud	1111
dust	cloud	896
dust	cloud	856
dust	cloud	679
dust	cloud	123
dust	cloud	112
dust	devil	448
dust	devil	416
dust	devil	332
dust	devil	122
dust	port	75
dust	rose	73
dust	sheet	59
dust	sheet	41
dust	storm	1847
dust	storm	1330
dust	storm	554
dust	storm	339
dust	storm	67
earth	crust	411
earth	crust	392
earth	garden	68
earth	oven	86
earth	oven	57
earth	shadow	42
ebony	ass	116
ebony	ass	70
ebony	ass	47
ebony	ass	45
ebony	cream	58
ebony	cream	50
ebony	cream	47
ebony	cucumber	50
ebony	cucumber	44
ebony	cucumber	44
ebony	eye	98
ebony	eye	60
ebony	eye	43
ebony	frog	492
ebony	frog	218
ebony	frog	82
ebony	frog	79
ebony	frog	40
ebony	lingerie	57
ebony	lingerie	46
ebony	nipple	69
ebony	nipple	52
ebony	nipple	42
ebony	sky	47
ebony	wood	147
ebony	wood	65
eggplant	caviar	72
eggplant	caviar	72
eggplant	caviar	47
eggplant	parmesan	91
eggplant	parmesan	70
eggplant	parmesan	55
eggplant	salad	87
elephant	apple	83
elephant	barn	93
elephant	dung	369
elephant	dung	276
elephant	dung	230
elephant	dung	117
elephant	dung	78
elephant	dung	64
elephant	dung	45
elephant	forest	104
elephant	grass	170
elephant	grass	160
elephant	grass	148
elephant	grass	89
elephant	grass	89
elephant	grass	80
elephant	grass	74
elephant	park	44
elk	hunter	89
elk	leather	45
elm	tree	605
elm	tree	372
elm	wood	62
emerald	grass	56
emerald	park	80
enamel	pewter	48
espresso	bean	55
espresso	coffee	230
espresso	coffee	95
espresso	coffee	95
espresso	coffee	90
espresso	coffee	76
espresso	coffee	57
espresso	coffee	44
eye	bone	54
eye	candy	3476
eye	candy	2055
eye	candy	1182
eye	candy	1077
eye	candy	437
eye	candy	412
eye	candy	383
eye	candy	307
eye	candy	212
eye	cream	341
eye	cream	93
eye	cream	68
eye	cream	51
eye	port	41
eye	shadow	717
eye	shadow	501
eye	shadow	246
eye	shadow	233
eye	shadow	147
eye	shadow	121
eye	shadow	97
eye	shadow	61
eye	shadow	56
eye	teeth	47
fern	garden	92
fern	garden	67
fern	garden	48
fern	garden	41
fern	leaf	172
fern	leaf	123
fern	leaf	90
fire	baby	315
fire	barn	51
fire	brick	64
fire	brick	50
fire	brick	49
fire	brick	43
fire	cement	59
fire	clay	90
fire	clay	59
fire	coral	77
fire	coral	64
fire	coral	53
fire	coral	50
fire	demon	179
fire	demon	141
fire	demon	131
fire	demon	125
fire	dragon	273
fire	dragon	169
fire	dragon	84
fire	dragon	82
fire	fox	44
fire	grill	109
fire	opal	113
fire	opal	65
fire	opal	65
fire	port	41
fire	star	57
fire	stone	47
fire	storm	407
fire	storm	184
fire	storm	117
fire	storm	47
fire	tree	96
fire	tree	68
fire	wood	312
fire	wood	197
fire	wood	157
fire	wood	121
fire	wood	92
fire	wood	91
fire	wood	86
fire	wood	64
fire	wood	59
flesh	grass	46
floral	foam	265
floral	foam	84
floral	foam	68
floral	foam	63
floral	foam	62
floral	foliage	225
floral	foliage	77
floral	garden	187
floral	garden	131
floral	garden	62
floral	garden	62
floral	heart	136
floral	heart	41
floral	hyacinth	118
floral	park	84
floral	ribbon	42
flour	dust	64
flour	paper	159
flour	salt	54
foam	pillow	60
foam	sheet	90
foam	sheet	81
foam	sheet	62
foliage	canopy	66
foliage	leaf	71
foliage	leaf	53
forest	blaze	43
forest	canopy	7031
forest	canopy	4495
forest	canopy	911
forest	canopy	592
forest	canopy	65
forest	elephant	155
forest	elephant	103
forest	elephant	43
forest	fire	8190
forest	fire	6003
forest	fire	922
forest	fire	578
forest	fire	266
forest	fire	159
forest	foliage	55
forest	foliage	50
forest	garden	122
forest	garden	108
forest	garden	62
forest	garden	43
forest	meadow	48
forest	moon	206
forest	moon	62
forest	night	78
forest	night	60
forest	park	440
forest	park	194
forest	park	180
forest	park	177
forest	park	83
forest	scenery	236
forest	scenery	78
forest	scenery	72
forest	scenery	58
forest	shadow	62
forest	soil	504
forest	soil	444
forest	soil	287
forest	soil	105
forest	soil	66
forest	tree	323
forest	tree	318
forest	tree	105
forest	tree	61
fox	bark	40
fox	bone	66
fox	demon	70
fox	demon	63
fox	hunter	58
fox	hunter	56
fox	squirrel	237
fox	squirrel	158
fox	squirrel	104
fox	squirrel	91
fox	squirrel	55
fox	squirrel	53
frog	brain	131
frog	heart	329
frog	heart	47
garden	garden	57
garden	lawn	76
garden	lawn	50
garden	lizard	95
garden	pansy	257
garden	paper	88
garden	rhubarb	207
garden	rose	144
garden	rose	75
garden	salad	916
garden	salad	724
garden	salad	412
garden	salad	260
garden	salad	249
garden	salad	118
garden	salad	72
garden	salad	47
garden	salad	42
garden	soil	566
garden	soil	335
garden	soil	209
garden	soil	155
garden	soil	89
garden	soil	83
garden	soil	55
garden	spider	110
garden	spider	68
garden	spider	58
garden	spider	53
garden	stone	129
garden	stone	93
garden	stone	55
garden	tree	75
garden	tree	72
garden	tree	50
garlic	butter	1908
garlic	butter	1692
garlic	butter	1174
garlic	butter	556
garlic	butter	338
garlic	butter	254
garlic	butter	125
garlic	cheese	40
garlic	clove	479
garlic	clove	372
garlic	clove	340
garlic	clove	330
garlic	clove	170
garlic	clove	142
garlic	cream	49
garlic	crouton	52
garlic	mayo	92
garlic	mayo	71
garlic	mayo	65
garlic	mayo	54
garlic	mayonnaise	277
garlic	mayonnaise	245
garlic	mayonnaise	231
garlic	mayonnaise	131
garlic	mayonnaise	57
garlic	mayonnaise	50
garlic	mustard	240
garlic	mustard	96
garlic	mustard	49
garlic	mustard	46
garlic	oil	323
garlic	oil	319
garlic	oil	207
garlic	oil	193
garlic	oil	171
garlic	oil	124
garlic	oil	90
garlic	pepper	159
garlic	pepper	81
garlic	pepper	55
garlic	pepper	42
garlic	rice	93
garlic	rice	54
garlic	rice	45
garlic	salt	2788
garlic	salt	1300
garlic	salt	748
garlic	salt	697
garlic	salt	510
garlic	salt	210
garlic	salt	126
garlic	salt	81
garlic	salt	62
garlic	shrimp	81
garlic	shrimp	74
garlic	shrimp	62
garlic	shrimp	60
garlic	shrimp	60
garlic	soap	41
garlic	spinach	55
garlic	spinach	54
garlic	spinach	42
garlic	toast	1168
garlic	toast	1004
garlic	toast	424
garlic	toast	191
garlic	toast	82
garlic	yogurt	43
garnet	stone	176
garnet	stone	71
gentian	violet	204
gentian	violet	117
gentian	violet	90
gentian	violet	78
gentian	violet	56
ghost	cat	71
ghost	cat	58
ghost	hunter	373
ghost	hunter	337
ghost	hunter	148
ghost	orchid	69
ghost	orchid	46
ghost	shrimp	114
ghost	shrimp	83
ghost	shrimp	60
ghost	shrimp	58
gilt	bronze	101
gilt	bronze	43
gilt	gingerbread	40
gilt	paper	42
ginger	ale	2317
ginger	ale	1446
ginger	ale	847
ginger	ale	755
ginger	ale	623
ginger	ale	546
ginger	ale	419
ginger	ale	299
ginger	ale	261
ginger	ale	221
ginger	ale	154
ginger	biscuit	46
ginger	cat	220
ginger	cat	113
ginger	cat	50
ginger	cat	46
ginger	cream	42
ginger	lily	363
ginger	lily	95
ginger	lily	73
ginger	nut	389
ginger	oil	74
ginger	tea	260
ginger	tea	73
ginger	tea	72
ginger	tea	51
ginger	tea	42
ginger	tea	40
ginger	wine	45
glacier	ice	186
glacier	ice	169
glacier	ice	108
glacier	ice	74
glacier	ice	55
gold	amber	50
gold	brick	253
gold	brick	120
gold	coral	59
gold	coral	50
gold	dragon	184
gold	dragon	168
gold	dragon	44
gold	dragon	42
gold	dust	633
gold	dust	556
gold	dust	300
gold	dust	295
gold	dust	218
gold	dust	209
gold	dust	192
gold	dust	40
gold	enamel	56
gold	enamel	47
gold	eye	47
gold	foliage	101
gold	gilt	164
gold	gilt	89
gold	gilt	80
gold	gilt	66
gold	gilt	59
gold	heart	176
gold	heart	68
gold	heart	53
gold	heart	49
gold	heart	45
gold	heart	42
gold	ink	313
gold	ink	180
gold	ink	165
gold	ink	107
gold	ink	42
gold	lacquer	126
gold	lacquer	64
gold	lacquer	50
gold	leaf	5920
gold	leaf	2195
gold	leaf	1889
gold	leaf	1486
gold	leaf	1019
gold	leaf	512
gold	leaf	385
gold	leaf	178
gold	leaf	138
gold	lion	80
gold	lion	50
gold	lust	132
gold	paper	107
gold	paper	104
gold	paper	62
gold	paper	59
gold	pearl	65
gold	pearl	43
gold	plaque	81
gold	plaque	75
gold	plaque	67
gold	ribbon	674
gold	ribbon	528
gold	ribbon	421
gold	ribbon	307
gold	ribbon	245
gold	ribbon	225
gold	ribbon	131
gold	ribbon	78
gold	rose	72
gold	rose	40
gold	sand	57
gold	satin	93
gold	satin	58
gold	satin	52
gold	shoe	77
gold	silk	146
gold	silk	83
gold	silk	65
gold	silver	66
gold	star	4669
gold	star	1474
gold	star	488
gold	star	401
gold	star	211
gold	star	203
gold	star	152
gold	star	62
gold	star	61
gold	teeth	367
gold	teeth	315
gold	teeth	311
gold	teeth	239
gold	teeth	224
gold	teeth	162
gold	teeth	135
gold	teeth	50
gold	teeth	40
gold	toilet	41
gold	velvet	299
granite	canopy	40
granite	lion	60
granite	stone	99
granite	stone	78
granite	stone	72
granite	stone	66
grape	berry	83
grape	brandy	63
grape	brandy	61
grape	hyacinth	45
grape	leaf	193
grape	leaf	120
grape	leaf	56
grape	wine	82
grape	wine	61
graphite	crystal	44
graphite	foam	40
graphite	nut	69
graphite	nut	47
graphite	sheet	68
graphite	sheet	48
graphite	sheet	44
grass	canopy	74
grass	canopy	40
grass	fire	838
grass	fire	482
grass	fire	95
grass	fire	62
grass	frog	73
grass	lawn	184
grass	lawn	139
grass	lawn	76
grass	lawn	56
grass	lawn	40
grass	leaf	46
grass	pitch	123
grass	pitch	107
grass	shrimp	339
grass	shrimp	177
grass	shrimp	63
grass	tree	49
grass	tree	40
grass	widow	230
grass	widow	66
grill	fire	412
grill	fire	40
grizzly	bear	3562
grizzly	bear	3553
grizzly	bear	2814
grizzly	bear	2581
grizzly	bear	903
grizzly	bear	646
guava	tree	144
guava	tree	107
guava	tree	86
guava	tree	63
gunmetal	sky	50
ham	bone	398
ham	bone	221
ham	bone	194
ham	bone	138
ham	bone	98
ham	bone	71
ham	cheese	41
ham	salad	110
ham	salad	78
ham	steak	123
ham	steak	70
ham	tomato	68
hash	oil	258
hash	oil	121
hash	tree	222
hash	tree	127
hash	tree	76
hash	tree	59
hazel	nut	179
hazel	nut	105
hazel	tree	132
hazel	tree	91
hazel	tree	70
hazel	tree	59
hazel	wood	202
hazelnut	butter	56
hazelnut	butter	54
hazelnut	cream	68
hazelnut	cream	65
hazelnut	cream	56
hazelnut	cream	45
hazelnut	oil	171
hazelnut	oil	98
hazelnut	oil	93
hazelnut	oil	83
hazelnut	oil	57
hazelnut	oil	48
hazelnut	tree	142
heart	blood	51
heart	blood	43
heart	pine	47
heart	sable	68
heart	sable	52
heart	shadow	47
heart	stone	52
heart	wood	65
heather	garden	54
heather	garden	44
heather	honey	66
heather	honey	55
heather	honey	46
heather	honey	40
heather	tea	170
hemlock	forest	120
hemlock	forest	95
hemlock	forest	64
hemlock	forest	57
hemlock	tree	181
hemlock	tree	115
hemlock	tree	83
hemlock	tree	80
hemp	canvas	55
hemp	oil	198
hemp	oil	183
hemp	oil	172
hemp	oil	154
hemp	oil	96
henna	oil	67
holly	leaf	166
holly	leaf	89
holly	tree	205
holly	tree	173
holly	tree	169
holly	tree	110
honey	badger	114
honey	badger	97
honey	badger	69
honey	badger	66
honey	badger	51
honey	bear	76
honey	bear	71
honey	bear	67
honey	bear	47
honey	bee	2684
honey	bee	2628
honey	bee	755
honey	bee	569
honey	bee	61
honey	bee	59
honey	butter	431
honey	butter	212
honey	butter	143
honey	butter	140
honey	butter	47
honey	ham	57
honey	ham	53
honey	lemon	42
honey	moon	122
honey	moon	56
honey	moon	46
honey	moon	42
honey	mushroom	79
honey	mustard	697
honey	mustard	652
honey	mustard	594
honey	mustard	541
honey	mustard	263
honey	mustard	61
honey	mustard	50
honey	myrtle	113
honey	shrimp	64
honey	tea	83
honey	tree	160
honey	tree	129
honey	tree	80
honey	tree	76
honey	wine	112
honey	wine	67
honey	wine	57
hummingbird	garden	148
hummingbird	garden	139
hummingbird	garden	131
hummingbird	garden	130
hummingbird	garden	58
hummingbird	garden	47
hyacinth	garden	103
ice	canopy	43
ice	cloud	40
ice	cream	36153
ice	cream	14838
ice	cream	14124
ice	cream	11094
ice	cream	10429
ice	cream	7940
ice	cream	7729
ice	cream	7206
ice	cream	3828
ice	cream	99
ice	cream	73
ice	crust	113
ice	crust	110
ice	crystal	235
ice	crystal	115
ice	dragon	64
ice	dragon	55
ice	grill	170
ice	milk	101
ice	milk	47
ice	park	43
ice	sheet	4459
ice	sheet	3220
ice	sheet	73
ice	storm	3561
ice	storm	2888
ice	storm	345
ice	storm	250
ice	tea	659
ice	tea	172
ice	tea	171
ice	tea	162
ice	tea	139
ice	tea	108
ice	tea	89
ice	tea	78
ice	tea	77
ice	wine	82
indigo	carmine	76
indigo	denim	138
indigo	sky	149
indigo	sky	91
ink	jet	321
ink	jet	163
ink	jet	121
ink	jet	113
ink	jet	89
ink	jet	49
ink	ribbon	129
ink	ribbon	127
ink	ribbon	123
ink	sheet	77
ink	stone	100
iPod	port	94
iris	garden	42
iron	boot	77
iron	canopy	42
iron	dust	67
iron	dust	44
iron	storm	41
iron	teeth	124
iron	teeth	118
iron	teeth	111
iron	teeth	42
iron	tree	185
iron	tree	46
ivy	leaf	49
ivy	sap	109
jade	crystal	53
jasper	stone	1247
jet	baby	74
jet	fire	42
jungle	baby	118
jungle	baby	55
jungle	bear	46
jungle	canopy	943
jungle	canopy	782
jungle	canopy	78
jungle	canopy	70
jungle	cat	705
jungle	cat	367
jungle	cat	107
jungle	cat	98
jungle	cat	54
jungle	fire	49
jungle	foliage	185
jungle	foliage	95
jungle	foliage	65
jungle	forest	76
jungle	forest	40
jungle	garden	86
jungle	garden	42
jungle	moon	69
jungle	moon	43
jungle	night	217
jungle	night	214
jungle	scenery	59
jungle	sunset	42
jungle	tree	61
jungle	tree	46
jungle	tree	43
kangaroo	ivy	74
lacquer	tree	65
lacquer	tree	54
lamb	curry	80
lamb	curry	64
lamb	curry	64
lamb	curry	62
lamb	curry	47
lamb	curry	42
lamb	leather	50
laser	crystal	274
laser	crystal	168
laser	crystal	120
laser	eye	88
laser	fire	242
laser	fire	131
laser	fire	94
laser	fire	84
laser	fire	79
laser	fire	66
laser	fire	45
laser	jet	57
laser	mouse	259
laser	mouse	194
laser	mouse	91
laser	mouse	70
laser	paper	94
laser	paper	62
laser	sheet	250
laser	sheet	159
laser	sheet	114
laser	sheet	45
lava	stone	82
lava	stone	63
lava	stone	55
lava	stone	44
lavender	amethyst	45
lavender	heart	128
lavender	honey	104
lavender	honey	91
lavender	honey	61
lavender	honey	47
lavender	oil	589
lavender	oil	280
lavender	oil	194
lavender	oil	175
lavender	oil	157
lavender	oil	71
lavender	oil	48
lavender	ribbon	122
lavender	ribbon	74
lavender	silk	56
lavender	sky	41
lavender	soap	42
lawn	grass	92
lawn	grass	66
lawn	grass	64
leaf	canopy	371
leaf	canopy	216
leaf	lettuce	454
leaf	lettuce	304
leaf	lettuce	271
leaf	lettuce	194
leaf	lettuce	78
leaf	rust	492
leaf	rust	242
leaf	rust	41
leaf	spinach	49
leaf	spinach	42
leaf	tea	45
leaf	tobacco	190
leaf	tobacco	49
leaf	wood	280
leather	boot	149
leather	boot	124
leather	boot	51
leather	leaf	68
leather	lingerie	269
leather	lingerie	181
leather	lingerie	129
leather	pillow	46
leather	saddle	146
leather	saddle	96
leather	saddle	84
leather	saddle	43
leather	shoe	98
leather	shoe	87
lemon	butter	687
lemon	butter	589
lemon	butter	471
lemon	butter	324
lemon	butter	188
lemon	cream	727
lemon	cream	74
lemon	cream	64
lemon	cream	60
lemon	cream	43
lemon	cucumber	100
lemon	custard	77
lemon	custard	51
lemon	custard	48
lemon	custard	46
lemon	grass	1886
lemon	grass	1808
lemon	grass	1151
lemon	grass	606
lemon	grass	514
lemon	grass	305
lemon	grass	222
lemon	leaf	52
lemon	lime	128
lemon	mayonnaise	77
lemon	mayonnaise	63
lemon	mayonnaise	55
lemon	mayonnaise	42
lemon	meringue	169
lemon	myrtle	108
lemon	myrtle	61
lemon	myrtle	57
lemon	myrtle	41
lemon	oil	571
lemon	oil	299
lemon	oil	258
lemon	oil	218
lemon	oil	137
lemon	oil	69
lemon	oil	46
lemon	oil	41
lemon	pepper	969
lemon	pepper	747
lemon	pepper	640
lemon	pepper	432
lemon	pepper	125
lemon	pepper	66
lemon	pepper	57
lemon	rice	54
lemon	rice	41
lemon	salad	120
lemon	sherbet	150
lemon	tea	103
lemon	tea	84
lemon	tree	1078
lemon	tree	579
lemon	tree	423
lemon	tree	411
lemon	tree	153
lemon	yogurt	48
lemon	yogurt	43
lettuce	leaf	1404
lettuce	leaf	845
lettuce	leaf	108
lettuce	leaf	81
lettuce	leaf	62
lettuce	leaf	62
lettuce	leaf	56
lettuce	leaf	51
lettuce	salad	130
lettuce	salad	118
lettuce	salad	100
lettuce	salad	99
lettuce	tomato	307
lettuce	tomato	126
licorice	leaf	120
lilac	garden	45
lilac	mist	60
lilac	ribbon	40
lilac	tree	138
lilac	tree	107
lilac	tree	77
lilac	tree	68
lilac	wood	97
lily	grass	1029
lily	grass	688
lime	butter	44
lime	leaf	89
lime	leaf	47
lime	leaf	45
lime	mud	43
lime	oil	331
lime	putty	60
lime	putty	41
lime	sherbet	56
lime	stone	74
lime	stone	45
lime	sulfur	68
lime	sulfur	56
lime	tree	328
lime	tree	309
lime	tree	256
lime	tree	244
lime	tree	45
limestone	soil	63
limestone	soil	62
limestone	soil	46
linen	sheet	408
linen	sheet	143
linen	sheet	50
lion	heart	148
lion	heart	100
lion	rose	55
lion	stone	46
liver	chestnut	58
liver	oil	98
liver	oil	54
liver	pate	59
liver	pate	56
liver	pate	52
liver	pate	49
lizard	brain	164
lizard	brain	107
lobster	bisque	782
lobster	bisque	339
lobster	bisque	186
lobster	bisque	160
lobster	bisque	82
lobster	bisque	78
lobster	bisque	61
lobster	bisque	42
lobster	mayonnaise	129
lobster	salad	163
lobster	salad	141
lobster	salad	141
lobster	salad	83
lobster	salad	81
lobster	salad	76
lobster	salad	61
lobster	salad	51
lobster	salad	45
lobster	salad	42
lollipop	tree	48
lollipop	tree	40
lotus	garden	66
lotus	leaf	666
lotus	leaf	567
lotus	leaf	373
lotus	leaf	248
lotus	rose	40
lotus	tree	50
mahogany	forest	71
mahogany	obsidian	42
mahogany	tree	81
mahogany	tree	54
mahogany	tree	53
mahogany	tree	42
mahogany	wood	265
mahogany	wood	155
mahogany	wood	154
mahogany	wood	65
maize	canopy	43
maize	flour	113
maize	flour	103
maize	flour	42
maize	leaf	194
maize	paper	43
maize	starch	132
mandarin	garnet	92
mandarin	oil	56
mango	butter	227
mango	butter	206
mango	butter	125
mango	butter	94
mango	butter	40
mango	salad	146
mango	salad	113
mango	salad	95
mango	tree	1070
mango	tree	996
mango	tree	927
mango	tree	698
mango	wood	115
mango	wood	60
manure	lagoon	46
maple	butter	80
maple	butter	66
maple	butter	65
maple	candy	70
maple	cream	94
maple	cream	46
maple	forest	48
maple	forest	44
maple	leaf	1217
maple	leaf	949
maple	leaf	930
maple	leaf	882
maple	leaf	101
maple	leaf	62
maple	leaf	46
maple	nut	49
maple	sap	80
maple	sap	66
maple	sap	63
maple	sugar	552
maple	sugar	211
maple	sugar	176
maple	sugar	117
maple	sugar	106
maple	sugar	101
maple	sugar	73
maple	tree	1178
maple	tree	1104
maple	tree	1067
maple	tree	698
maple	wood	426
maple	wood	108
maple	wood	78
maple	wood	45
maple	wood	40
marble	dust	127
marble	dust	97
marble	dust	85
marble	dust	71
marble	dust	53
marble	plaque	54
marble	stone	148
marble	stone	103
marble	stone	45
marble	stone	44
maroon	velvet	42
marshmallow	cream	172
marshmallow	cream	86
marshmallow	cream	70
marshmallow	cream	62
marshmallow	cream	61
marshmallow	cream	50
meadow	grass	250
meadow	grass	155
meadow	grass	40
meadow	mouse	67
melba	toast	136
melba	toast	134
melba	toast	131
melba	toast	110
melba	toast	49
melon	canopy	46
microwave	fire	69
microwave	oven	13775
microwave	oven	12688
microwave	oven	6902
microwave	oven	6573
microwave	oven	3235
microwave	oven	2704
microwave	oven	2004
microwave	oven	1053
microwave	oven	363
microwave	refrigerator	48
microwave	sky	205
microwave	sky	128
midnight	forest	43
midnight	moon	242
midnight	moon	139
midnight	moon	43
midnight	navy	243
midnight	oil	3165
midnight	oil	2964
midnight	oil	98
midnight	oil	58
midnight	oil	41
midnight	oil	40
midnight	sky	1628
midnight	sky	1598
midnight	sky	293
midnight	sky	270
midnight	snow	42
midnight	star	41
midnight	storm	78
midnight	storm	50
midnight	storm	45
midnight	sun	5490
midnight	sun	4236
midnight	sun	136
midnight	sun	133
midnight	sun	109
midnight	sun	51
midnight	sunset	42
midnight	toast	130
midnight	toast	101
midnight	toast	77
midnight	toast	50
milk	barn	71
milk	barn	57
milk	bone	72
milk	chocolate	2095
milk	chocolate	1063
milk	chocolate	783
milk	chocolate	629
milk	chocolate	453
milk	chocolate	325
milk	chocolate	231
milk	chocolate	120
milk	chocolate	93
milk	cow	725
milk	cow	450
milk	cow	120
milk	cow	85
milk	cream	50
milk	foam	40
milk	gravy	64
milk	gravy	45
milk	ocean	98
milk	ocean	74
milk	squirrel	177
milk	sugar	560
milk	sugar	201
milk	sugar	135
milk	sugar	116
milk	sugar	72
milk	sugar	71
milk	sugar	43
milk	tea	123
milk	teeth	91
milk	teeth	72
mince	garlic	419
mint	chocolate	134
mint	leaf	714
mint	leaf	209
mint	leaf	160
mint	leaf	65
mint	leaf	53
mint	oil	123
mint	oil	64
mint	oil	52
mint	oil	50
mint	salad	159
mint	salad	107
mint	sugar	45
mint	tea	427
mint	tea	375
mint	tea	121
mint	tea	111
mint	tea	108
mint	tea	83
mint	tea	79
mint	tea	77
mint	tea	64
mint	tea	63
mint	tea	62
mocha	buttercream	83
mocha	cream	50
moon	baby	115
moon	boot	40
moon	brain	41
moon	dust	110
moon	dust	54
moon	earth	120
moon	garden	57
moon	garden	44
moon	rocket	110
moon	rocket	105
moon	rocket	92
moon	rocket	40
moon	rose	1763
moon	rose	707
moon	shadow	99
moon	shadow	79
moon	stone	51
moon	stone	44
moonlight	night	919
moonlight	night	514
moonlight	night	76
moonlight	night	55
moonlight	night	43
moonlight	shadow	458
moonlight	shadow	121
moonlight	sky	115
moonlight	sky	51
moss	agate	60
moss	garden	67
moss	garden	47
mourning	dove	589
mourning	dove	346
mourning	dove	311
mourning	dove	206
mourning	dove	197
mourning	dove	195
mourning	widow	51
mouse	brain	3849
mouse	brain	737
mouse	brain	301
mouse	brain	142
mouse	brain	129
mouse	brain	104
mouse	cheese	67
mouse	eye	310
mouse	eye	66
mouse	heart	655
mouse	heart	132
mouse	liver	696
mouse	liver	266
mouse	liver	171
mouse	liver	103
mouse	port	493
mouse	port	408
mouse	port	266
mouse	port	206
mouse	port	160
mouse	port	66
mouse	potato	79
mouse	skeleton	46
mouse	skeleton	41
mud	adobe	48
mud	brick	86
mud	brick	75
mud	brick	68
mud	brick	58
mud	brick	44
mud	chimney	49
mud	oven	43
mud	shrimp	43
mulberry	paper	125
mulberry	paper	107
mulberry	paper	98
mulberry	paper	51
mulberry	silk	40
mulberry	tree	738
mulberry	tree	656
mulberry	tree	432
mulberry	tree	381
mushroom	cloud	9092
mushroom	cloud	2572
mushroom	cloud	1225
mushroom	cloud	739
mushroom	cloud	44
mushroom	coral	46
mushroom	forest	59
mushroom	gravy	399
mushroom	gravy	287
mushroom	gravy	220
mushroom	gravy	203
mushroom	gravy	94
mushroom	gravy	70
mushroom	gravy	54
mushroom	gravy	53
mushroom	hash	48
mushroom	salad	72
mushroom	salad	65
mushroom	tea	63
muslin	cotton	51
mustard	algae	102
mustard	oil	327
mustard	oil	216
mustard	oil	168
mustard	oil	143
mustard	oil	118
mustard	oil	44
mustard	oil	41
mustard	tree	58
mustard	tree	45
myrtle	tree	109
myrtle	tree	80
myrtle	tree	41
nappy	rash	285
nappy	rash	151
nappy	rash	78
nappy	rash	54
nappy	rash	40
navy	bean	54
navy	ink	149
navy	ink	59
negative	crap	49
night	baby	72
night	cream	453
night	cream	449
night	cream	221
night	cream	145
night	cream	95
night	cream	64
night	fire	67
night	fire	40
night	forest	128
night	forest	92
night	garden	52
night	heron	107
night	mist	71
night	mist	67
night	night	78
night	ocean	42
night	raven	52
night	sky	86005
night	sky	47438
night	sky	1456
night	sky	929
night	sky	665
night	sky	211
night	soil	61
night	soil	60
night	soil	57
night	soil	42
night	storm	48
night	sun	57
nut	butter	90
nut	butter	82
nut	butter	70
nut	butter	65
nut	butter	54
nut	butter	51
nut	butter	51
nut	butter	40
nut	oil	91
nut	salad	60
nut	tree	157
nut	tree	69
nut	tree	52
nutmeg	sugar	45
nutmeg	tree	163
nutmeg	tree	104
oatmeal	raisin	1136
ocean	crust	645
ocean	crust	450
ocean	crust	90
ocean	crust	40
ocean	foam	64
ocean	foam	61
ocean	mist	98
ocean	mist	42
ocean	rose	47
ocean	sand	51
ocean	scenery	215
ocean	scenery	75
ocean	scenery	44
ocean	sky	48
ocean	sunset	59
oil	fire	50
oil	mist	101
oil	mist	52
oil	mist	45
oil	mist	42
oil	nipple	42
oil	port	43
oil	port	41
oil	sand	52
oil	sand	45
oil	sludge	46
oil	smoke	60
olive	drab	245
olive	drab	53
olive	garden	297
olive	garden	190
olive	jade	54
olive	leaf	215
olive	leaf	135
olive	leaf	70
olive	leaf	65
olive	leaf	56
olive	leaf	43
olive	oil	36436
olive	oil	32762
olive	oil	28481
olive	oil	23595
olive	oil	15666
olive	oil	15315
olive	oil	13073
olive	oil	2129
olive	oil	1660
olive	oil	57
olive	salad	166
olive	salad	117
olive	salad	85
olive	salad	40
olive	tree	4681
olive	tree	2694
olive	tree	95
olive	tree	79
olive	tree	55
olive	wood	65
olive	wood	55
olive	wood	55
olive	wood	50
onyx	stone	1166
onyx	stone	63
onyx	stone	49
onyx	stone	42
orchid	garden	90
orchid	garden	78
orchid	garden	75
orchid	peat	50
oven	grill	72
oven	grill	44
pansy	ass	52
paper	clay	86
paper	clay	48
paper	clay	46
paper	dragon	133
paper	dragon	100
paper	dust	117
paper	dust	87
paper	heart	125
paper	heart	85
paper	jungle	70
paper	moon	256
paper	moon	98
paper	mulberry	99
paper	mulberry	95
paper	mulberry	41
paper	negative	107
paper	negative	87
paper	negative	49
paper	negative	48
paper	rose	118
paper	rose	54
paper	sheet	571
paper	sheet	362
paper	sheet	258
paper	sheet	215
paper	sludge	156
paper	sludge	138
paper	snowflake	98
paper	snowflake	45
paper	star	58
paper	straw	128
paper	straw	43
paper	tiger	4567
paper	tiger	2208
paper	tiger	187
paper	tiger	87
paprika	butter	384
parchment	paper	11490
parchment	paper	2308
parchment	paper	1771
parchment	paper	1248
parchment	paper	499
parchment	paper	279
parchment	paper	80
parchment	paper	75
park	grass	44
park	lawn	61
parmesan	cheese	5850
parmesan	cheese	3952
parmesan	cheese	2392
parmesan	cheese	1704
parmesan	cheese	1528
parmesan	cheese	818
parmesan	cheese	497
parmesan	cheese	174
parmesan	cheese	73
parmesan	crust	43
parmesan	salad	90
parmesan	salad	76
parrot	park	85
parsley	butter	104
parsley	butter	99
parsley	butter	99
parsley	butter	68
parsley	butter	55
parsley	leaf	59
parsley	oil	51
parsley	oil	41
parsley	salad	46
peach	brandy	79
peach	lipstick	59
peach	mango	83
peach	sunset	82
peach	tree	726
peach	tree	492
peach	tree	311
peach	tree	263
pear	salad	87
pear	salad	86
pear	tree	11579
pear	tree	1857
pear	tree	799
pear	tree	640
pear	tree	229
pear	tree	110
pear	wood	47
pearl	ash	64
pearl	cotton	134
pearl	cotton	75
pearl	eye	106
pearl	eye	60
pearl	ribbon	47
pearl	silver	66
pearl	sugar	56
pearly	foam	48
pearly	teeth	73
pearly	teeth	59
peat	fire	320
peat	fire	239
peat	fire	118
peat	fire	78
peat	moss	1115
peat	moss	624
peat	moss	575
peat	moss	342
peat	moss	341
peat	moss	276
peat	moss	189
peat	moss	69
peat	moss	45
peat	smoke	60
peat	smoke	46
peat	smoke	42
peat	soil	107
peat	soil	55
peat	soil	55
peat	soil	51
pecan	crust	81
pecan	crust	48
pecan	pumpkin	55
pecan	tree	374
pecan	tree	320
pecan	tree	170
pecan	tree	155
pecan	wood	74
pee	pee	99
pee	pee	60
pee	pee	54
pepper	cheese	49
pepper	corn	44
pepper	crystal	86
pepper	garden	53
pepper	pancake	45
pepper	rice	40
pepper	salad	48
pepper	salad	41
pepper	shrimp	125
pepper	shrimp	55
pepper	steak	88
pepper	steak	87
pepper	steak	82
pepper	steak	64
pepper	steak	40
pepper	tree	148
pepper	tree	128
pepper	tree	75
pepper	tree	55
peppermint	bark	43
peppermint	candy	98
peppermint	candy	84
peppermint	candy	65
peppermint	candy	61
peppermint	candy	60
peppermint	leaf	191
peppermint	mocha	59
peppermint	mocha	50
peppermint	oil	645
peppermint	oil	257
peppermint	oil	180
peppermint	oil	175
peppermint	oil	175
peppermint	oil	149
peppermint	oil	48
peppermint	shrimp	57
peppermint	shrimp	49
peppermint	tea	226
peppermint	tea	153
peppermint	tea	65
peppermint	tea	56
peppermint	tea	41
persian	cat	79
persian	cat	43
persimmon	tree	192
persimmon	tree	147
persimmon	tree	113
persimmon	tree	75
pigeon	brain	66
pigeon	dung	55
pillow	lava	57
pine	bark	237
pine	bark	221
pine	bark	82
pine	bark	74
pine	bark	55
pine	bark	48
pine	bark	47
pine	canopy	53
pine	forest	3241
pine	forest	2820
pine	forest	2113
pine	forest	1589
pine	forest	1193
pine	forest	612
pine	forest	155
pine	forest	104
pine	forest	93
pine	nut	79
pine	nut	74
pine	nut	67
pine	nut	53
pine	nut	43
pine	oil	143
pine	oil	59
pine	oil	41
pine	pitch	108
pine	pitch	43
pine	sap	51
pine	straw	421
pine	straw	168
pine	straw	134
pine	straw	117
pine	straw	115
pine	straw	93
pine	straw	86
pine	tar	844
pine	tar	138
pine	tar	119
pine	tar	74
pine	tar	64
pine	tar	49
pine	tar	46
pine	torch	67
pine	tree	5191
pine	tree	3311
pine	tree	1940
pine	tree	1685
pine	tree	142
pine	tree	82
pine	tree	58
pine	tree	43
pine	wood	739
pine	wood	426
pine	wood	377
pine	wood	261
pine	wood	261
pine	wood	179
pine	wood	76
pine	wood	55
pine	wood	47
pineapple	sage	47
pineapple	salad	49
pineapple	shrimp	60
pineapple	tree	52
pistachio	cream	68
pistachio	nut	81
pistachio	nut	48
pistachio	nut	42
pistachio	tree	52
pitch	bone	75
pitch	moon	44
pitch	pine	217
pitch	pine	141
pitch	pine	69
pitch	pine	56
pitch	pine	53
plum	brandy	83
plum	eye	51
plum	tomato	114
plum	tomato	74
plum	tomato	73
plum	tree	501
plum	tree	438
plum	tree	395
plum	tree	351
plum	tree	277
plum	wine	141
plum	wine	90
plum	wine	82
plum	wine	73
plum	wine	42
pomegranate	molasses	129
pomegranate	molasses	82
pomegranate	molasses	52
pomegranate	molasses	49
pomegranate	molasses	48
pomegranate	salad	52
pomegranate	tree	603
pomegranate	tree	201
pomegranate	tree	186
pomegranate	tree	75
pomegranate	wine	42
poo	poo	76
poo	poo	67
poppy	straw	279
poppy	straw	65
porcelain	cat	53
porcelain	clay	58
porcelain	enamel	138
porcelain	enamel	112
porcelain	enamel	49
porcelain	enamel	48
porcelain	snow	48
porcelain	toilet	52
porcelain	toilet	41
pork	bacon	359
pork	liver	109
pork	liver	53
pork	mince	57
port	port	145
port	port	51
port	skeleton	58
port	tree	103
port	wine	572
port	wine	308
port	wine	305
port	wine	284
port	wine	205
port	wine	146
port	wine	118
port	wine	81
port	wine	50
port	wine	45
potato	crust	77
potato	crust	48
potato	crust	46
potato	curry	155
potato	curry	112
potato	curry	54
potato	flesh	46
potato	flesh	41
potato	flour	175
potato	flour	101
potato	flour	88
potato	flour	75
potato	flour	69
potato	flour	60
potato	hash	65
potato	hash	40
potato	leaf	43
potato	pancake	261
potato	pancake	213
potato	pancake	61
potato	pancake	41
potato	salad	3198
potato	salad	1530
potato	salad	1372
potato	salad	1132
potato	salad	937
potato	salad	790
potato	salad	634
potato	salad	304
potato	salad	254
potato	salad	214
potato	salad	207
potato	starch	689
potato	starch	324
potato	starch	169
potato	starch	131
potato	starch	105
potato	starch	98
potato	starch	92
potato	whiskey	84
primrose	oil	182
pumpkin	butter	65
pumpkin	flesh	50
pumpkin	pine	48
putty	cat	42
radish	salad	78
radish	salad	65
raisin	bran	57
raisin	salad	83
raisin	salad	56
raisin	toast	88
raspberry	cream	51
raspberry	leaf	52
raspberry	lemonade	50
raspberry	orchid	54
raspberry	sherbet	55
raspberry	tea	50
raspberry	tea	43
raven	sable	106
redwood	forest	1012
redwood	forest	743
redwood	forest	617
redwood	forest	410
redwood	forest	110
redwood	tree	562
redwood	tree	543
redwood	tree	229
redwood	tree	116
reed	avocado	53
reed	grass	110
ribbon	candy	106
ribbon	rose	80
rice	barn	55
rice	bran	653
rice	bran	302
rice	bran	232
rice	bran	156
rice	bran	125
rice	bran	103
rice	bran	99
rice	flour	627
rice	flour	578
rice	flour	563
rice	flour	539
rice	flour	524
rice	flour	303
rice	flour	235
rice	flour	94
rice	milk	365
rice	milk	242
rice	milk	135
rice	milk	106
rice	milk	103
rice	milk	75
rice	milk	72
rice	oil	103
rice	paper	438
rice	paper	424
rice	paper	284
rice	paper	279
rice	paper	265
rice	paper	230
rice	paper	206
rice	porridge	113
rice	porridge	40
rice	rocket	86
rice	rocket	53
rice	salad	132
rice	salad	132
rice	salad	64
rice	salad	43
rice	starch	58
rice	starch	55
rice	starch	49
rice	straw	309
rice	straw	219
rice	straw	188
rice	straw	166
rice	straw	126
rice	straw	116
rice	straw	96
rice	wine	591
rice	wine	412
rice	wine	273
rice	wine	201
rice	wine	187
rice	wine	186
rice	wine	163
rice	wine	91
rice	wine	52
rice	wine	49
rocket	fire	913
rocket	fire	761
rocket	fire	329
rocket	fire	173
rocket	fire	148
rocket	fire	68
rocket	fire	40
rocket	garden	40
rocket	salad	268
rocket	salad	210
rocket	salad	203
rocket	salad	134
rocket	salad	93
rocket	salad	49
rocket	summer	1761
rocket	summer	256
rose	azure	62
rose	azure	58
rose	eye	104
rose	eye	59
rose	eye	58
rose	garden	20727
rose	garden	5053
rose	garden	4066
rose	garden	2887
rose	garden	596
rose	garden	269
rose	garden	58
rose	garden	40
rose	gold	1480
rose	gold	1236
rose	gold	69
rose	gold	43
rose	leaf	105
rose	leaf	64
rose	leaf	58
rose	oil	402
rose	oil	285
rose	oil	130
rose	oil	118
rose	oil	85
rose	oil	65
rose	oil	47
rose	onyx	48
rose	pepper	229
rose	raspberry	43
rose	sable	137
rose	sable	106
rose	tree	182
rose	tree	153
rose	tree	147
rose	tree	105
rose	wine	82
rose	wine	48
rose	wine	46
rose	wood	148
rose	wood	61
ros	wine	71
ros	wine	51
royal	ass	52
royal	baby	78
royal	baby	73
royal	blood	737
royal	blood	309
royal	blood	140
royal	blood	113
royal	blood	56
royal	boot	148
royal	corpse	65
royal	elephant	61
royal	elephant	56
royal	elephant	44
royal	eye	42
royal	eye	42
royal	fern	78
royal	fern	42
royal	forest	129
royal	forest	111
royal	forest	85
royal	forest	69
royal	garden	421
royal	garden	226
royal	garden	74
royal	garden	67
royal	heart	94
royal	heart	80
royal	heart	54
royal	mint	106
royal	mint	96
royal	mint	92
royal	mint	48
royal	navy	786
royal	navy	627
royal	park	241
royal	park	237
royal	park	120
royal	park	59
royal	port	81
royal	sage	86
royal	tiger	64
royal	tree	48
ruby	crystal	137
ruby	eye	72
ruby	eye	52
ruby	heart	43
ruby	laser	205
ruby	laser	182
ruby	laser	148
ruby	laser	127
ruby	port	56
russet	potato	41
sable	sky	46
saddle	leather	194
saddle	leather	64
saddle	leather	53
saddle	leather	40
saddle	shoe	51
saddle	soap	212
saddle	soap	100
saddle	soap	86
saddle	soap	53
saddle	tree	149
saddle	tree	52
saffron	crocus	186
saffron	crocus	143
saffron	rice	543
saffron	rice	515
saffron	rice	412
saffron	rice	268
saffron	rice	85
saffron	rice	53
saffron	rice	49
saffron	sky	43
sage	butter	144
sage	butter	130
sage	butter	81
sage	butter	46
sage	butter	41
sage	carnation	106
sage	leaf	77
sage	oil	48
sage	tea	55
salad	cream	140
salad	cream	67
salad	oil	537
salad	oil	281
salad	oil	267
salad	oil	239
salad	oil	121
salad	oil	113
salad	oil	97
salad	oil	89
salad	oil	69
salad	rocket	45
salmon	brain	47
salmon	caviar	184
salmon	caviar	82
salmon	caviar	77
salmon	caviar	46
salmon	caviar	45
salmon	oil	84
salmon	oil	59
salmon	pate	83
salmon	salad	54
salmon	salad	42
salmon	salad	40
salmon	steak	216
salmon	steak	91
salmon	steak	52
salmon	trout	179
salmon	trout	68
salt	beef	145
salt	beef	68
salt	beef	65
salt	beef	64
salt	beef	43
salt	cedar	140
salt	cedar	75
salt	cedar	60
salt	cedar	41
salt	cedar	40
salt	crust	158
salt	crust	132
salt	crust	107
salt	crust	106
salt	crystal	230
salt	crystal	147
salt	crystal	100
salt	crystal	90
salt	desert	79
salt	desert	65
salt	desert	64
salt	desert	42
salt	dough	58
salt	grass	110
salt	grass	40
salt	lagoon	49
salt	lagoon	45
salt	mud	40
salt	ocean	88
salt	ocean	58
salt	pepper	258
salt	pepper	55
salt	pepper	49
salt	pork	530
salt	pork	368
salt	pork	274
salt	pork	268
salt	pork	258
salt	pork	253
salt	pork	124
salt	pork	57
salt	rose	155
salt	sheet	53
sand	cat	44
sand	cherry	67
sand	cloud	182
sand	cloud	87
sand	cloud	65
sand	desert	50
sand	desert	41
sand	desert	41
sand	forest	51
sand	iron	57
sand	lizard	192
sand	lizard	41
sand	paper	719
sand	paper	382
sand	paper	302
sand	paper	249
sand	paper	241
sand	paper	164
sand	paper	104
sand	paper	95
sand	paper	82
sand	pine	83
sand	sheet	51
sand	shrimp	99
sand	shrimp	89
sand	shrimp	62
sand	soil	40
sand	stone	229
sand	stone	212
sand	storm	694
sand	storm	494
sand	storm	186
sand	storm	145
sap	wood	82
sapphire	crystal	1019
sapphire	crystal	606
sapphire	crystal	460
sapphire	crystal	312
sapphire	crystal	290
sapphire	crystal	116
sapphire	crystal	112
sapphire	crystal	92
sapphire	crystal	87
sapphire	sky	190
sapphire	sky	113
sapphire	sky	98
sapphire	sky	91
sapphire	sky	48
sapphire	stone	1311
sapphire	stone	76
sapphire	stone	64
sapphire	stone	50
satin	brass	65
satin	heart	119
satin	lacquer	40
satin	lingerie	78
satin	lingerie	66
satin	pillow	506
satin	pillow	76
satin	ribbon	1652
satin	ribbon	1468
satin	ribbon	1378
satin	ribbon	899
satin	ribbon	437
satin	ribbon	229
satin	ribbon	156
satin	ribbon	82
satin	ribbon	45
satin	rose	60
satin	sheet	57
satin	sheet	43
satin	silver	148
satin	steel	105
satin	steel	65
satin	wood	51
scarlet	carnation	162
scarlet	lipstick	42
scarlet	ribbon	67
scarlet	ribbon	67
scarlet	sage	83
scarlet	silk	89
scarlet	silk	65
scarlet	sunset	174
scarlet	wool	797
scarlet	wool	56
scarlet	wool	45
scarlet	wool	44
seaweed	salad	165
seaweed	salad	116
seaweed	salad	109
seaweed	salad	107
seaweed	salad	74
seaweed	salad	60
seaweed	salad	60
seaweed	salad	57
seaweed	sheet	54
seaweed	sheet	40
seaweed	slime	154
shadow	demon	54
shadow	dragon	53
shadow	dragon	44
shadow	tree	323
shadow	tree	169
shadow	tree	59
shadow	tree	56
sheet	aluminum	76
sheet	aluminum	70
sheet	ice	90
sheet	iron	98
sheet	iron	94
sheet	iron	54
sheet	iron	52
sheet	iron	41
sheet	moss	69
sheet	moss	61
sheet	paper	41
sheet	sheet	98
sheet	steel	163
sheet	steel	145
sheet	steel	91
sheet	steel	60
sheet	steel	49
shit	night	43
shit	storm	281
shit	storm	87
shit	storm	81
shit	storm	42
shit	summer	71
shit	vomit	516
shoe	leather	394
shoe	leather	314
shoe	leather	179
shoe	leather	112
shoe	leather	104
shoe	leather	49
shoe	leather	47
shoe	leather	40
shoe	tree	106
shoe	tree	84
shoe	tree	44
shoe	wax	46
shrimp	curry	349
shrimp	salad	139
shrimp	salad	137
shrimp	salad	92
shrimp	salad	80
shrimp	salad	76
shrimp	salad	65
shrimp	salad	42
shrimp	salad	40
silk	canvas	51
silk	chiffon	104
silk	ivy	55
silk	lingerie	156
silk	lingerie	101
silk	lingerie	90
silk	nightgown	46
silk	paper	43
silk	pillow	114
silk	ribbon	376
silk	ribbon	261
silk	ribbon	247
silk	ribbon	246
silk	ribbon	195
silk	ribbon	155
silk	ribbon	71
silk	ribbon	48
silk	rose	258
silk	rose	75
silk	rose	46
silk	satin	49
silk	sheet	40
silk	velvet	147
silk	velvet	67
silver	aluminum	45
silver	antique	99
silver	apple	44
silver	baby	130
silver	baby	68
silver	beech	51
silver	beech	45
silver	clay	42
silver	cloud	108
silver	cloud	90
silver	cloud	86
silver	coffin	43
silver	crystal	59
silver	dawn	195
silver	dragon	247
silver	dragon	202
silver	dragon	89
silver	dragon	65
silver	dragon	50
silver	dust	48
silver	dust	43
silver	dust	41
silver	fern	165
silver	fern	137
silver	fern	80
silver	fern	44
silver	foliage	131
silver	foliage	117
silver	foliage	71
silver	foliage	44
silver	fox	190
silver	fox	176
silver	fox	171
silver	fox	121
silver	fox	47
silver	fox	44
silver	garden	46
silver	gilt	69
silver	gilt	48
silver	gilt	45
silver	gilt	44
silver	heart	137
silver	heart	120
silver	heart	72
silver	heart	63
silver	ink	170
silver	ink	148
silver	ink	124
silver	ink	79
silver	ink	68
silver	leaf	658
silver	leaf	631
silver	leaf	202
silver	leaf	172
silver	leaf	135
silver	leaf	64
silver	leaf	60
silver	leather	79
silver	maple	347
silver	maple	192
silver	maple	124
silver	maple	81
silver	maple	63
silver	maple	58
silver	maple	44
silver	mist	76
silver	mist	64
silver	mist	43
silver	moon	466
silver	moon	419
silver	moon	190
silver	moon	183
silver	moon	82
silver	moonlight	212
silver	moonlight	206
silver	mouse	126
silver	night	43
silver	paper	246
silver	paper	114
silver	paper	104
silver	paper	77
silver	paper	69
silver	paper	56
silver	paper	55
silver	plaque	144
silver	plaque	98
silver	plaque	63
silver	plaque	42
silver	ribbon	363
silver	ribbon	261
silver	ribbon	255
silver	ribbon	153
silver	ribbon	104
silver	ribbon	72
silver	ribbon	66
silver	rose	113
silver	rose	64
silver	rose	48
silver	rose	41
silver	salmon	760
silver	salmon	478
silver	salmon	414
silver	salmon	73
silver	salmon	51
silver	salmon	41
silver	salt	127
silver	salt	64
silver	salt	41
silver	salt	41
silver	sand	95
silver	sand	94
silver	sand	62
silver	sand	45
silver	sheet	57
silver	sheet	41
silver	shoe	65
silver	sky	68
silver	sky	64
silver	sky	59
silver	sky	55
silver	star	876
silver	star	685
silver	star	420
silver	star	318
silver	star	115
silver	star	109
silver	star	72
silver	star	66
silver	star	43
silver	storm	74
silver	storm	42
silver	straw	54
silver	sun	215
silver	sunshine	44
silver	swan	53
silver	swan	42
silver	teeth	64
silver	teeth	49
silver	torch	48
silver	tree	57
silver	tree	55
silver	trout	45
silver	wood	57
skeleton	leaf	88
sky	baby	65
sky	dragon	41
sky	rocket	84
sky	rocket	72
sky	stone	44
slate	stone	90
smoke	cloud	271
smoke	cloud	175
smoke	cloud	140
smoke	cloud	117
smoke	rose	102
smoke	tobacco	461
smoke	tobacco	76
snot	rocket	40
snow	boot	113
snow	boot	55
snow	bunny	102
snow	bunny	90
snow	buttercup	71
snow	cat	96
snow	cat	86
snow	cat	62
snow	cat	61
snow	cloud	74
snow	cloud	41
snow	crust	83
snow	crust	73
snow	crystal	162
snow	crystal	99
snow	crystal	43
snow	forest	526
snow	garden	46
snow	park	212
snow	park	111
snow	park	89
snow	park	55
snow	pillow	50
snow	saffron	51
snow	shoe	40
snow	storm	6511
snow	storm	3974
snow	storm	1330
snow	storm	718
snow	storm	160
snow	storm	116
snowflake	obsidian	87
soap	star	429
soap	star	345
soap	stone	143
soap	stone	51
soil	crust	73
soil	crust	65
soil	dust	155
soil	dust	44
soil	garden	738
soil	skeleton	89
soil	skeleton	75
soybean	canopy	159
soybean	canopy	61
soybean	flour	48
soybean	ink	104
soybean	leaf	80
soybean	milk	46
soybean	oil	2108
soybean	oil	895
soybean	oil	368
soybean	oil	360
soybean	oil	166
soybean	oil	160
soybean	oil	134
soybean	rust	184
soybean	rust	102
soybean	rust	87
soybean	rust	45
spaghetti	bolognese	59
spaghetti	marinara	119
spam	crap	1607
spider	demon	41
spider	silk	89
spider	silk	85
spider	silk	69
spider	silk	44
spinach	curry	41
spinach	leaf	74
spinach	leaf	42
spinach	salad	1263
spinach	salad	767
spinach	salad	342
spinach	salad	290
spinach	salad	197
spinach	salad	197
spinach	salad	190
spinach	salad	161
spinach	salad	58
sponge	candy	92
sponge	iron	76
sponge	iron	59
spruce	forest	244
spruce	forest	203
spruce	forest	202
spruce	forest	183
spruce	forest	165
spruce	forest	139
spruce	tree	426
spruce	tree	323
spruce	tree	305
spruce	tree	131
spruce	wood	58
spruce	wood	42
squirrel	turd	59
star	coral	244
star	dust	76
star	dust	61
star	dust	46
star	port	64
star	sapphire	173
star	sapphire	144
star	sapphire	74
star	tree	49
star	tree	43
star	tree	41
steak	bone	44
steak	salad	98
steak	salad	48
steak	salad	43
steak	salad	41
steel	bee	63
steel	grass	41
steel	grill	455
steel	sheet	282
steel	sheet	165
steel	sheet	121
steel	sheet	108
steel	sheet	53
steel	sheet	46
steel	skeleton	193
steel	skeleton	75
steel	skeleton	49
steel	sky	135
steel	sky	54
steel	teeth	69
steel	teeth	41
steel	wool	1880
steel	wool	1100
steel	wool	975
steel	wool	683
steel	wool	481
steel	wool	289
steel	wool	163
steel	wool	139
steel	wool	72
stone	barn	213
stone	barn	130
stone	barn	76
stone	barn	47
stone	barn	41
stone	bruise	91
stone	bruise	57
stone	chimney	200
stone	chimney	138
stone	chimney	113
stone	chimney	110
stone	coffin	308
stone	coffin	184
stone	coffin	74
stone	coffin	66
stone	dust	92
stone	dust	81
stone	dust	65
stone	dust	64
stone	dust	57
stone	dust	48
stone	dust	43
stone	forest	59
stone	forest	43
stone	fox	170
stone	fox	63
stone	garden	48
stone	garden	47
stone	garden	45
stone	garden	43
stone	ginger	50
stone	heart	92
stone	heart	52
stone	lion	107
stone	lion	94
stone	lion	92
stone	lion	58
stone	lion	42
stone	oven	194
stone	oven	144
stone	oven	67
stone	oven	50
stone	pine	54
stone	pine	45
stone	pine	42
stone	plaque	140
stone	plaque	42
storm	cloud	903
storm	cloud	657
storm	cloud	237
storm	cloud	232
storm	snow	75
straw	fire	72
strawberry	banana	59
strawberry	blonde	313
strawberry	blonde	155
strawberry	blonde	86
strawberry	blonde	55
strawberry	butter	57
strawberry	butter	50
strawberry	chocolate	50
strawberry	cream	54
strawberry	guava	51
strawberry	guava	41
strawberry	kiwi	229
strawberry	lemonade	51
strawberry	milk	93
strawberry	milk	74
strawberry	milkshake	368
strawberry	milkshake	191
strawberry	salad	101
strawberry	salad	63
strawberry	tomato	45
strawberry	tree	279
strawberry	tree	103
strawberry	wine	40
strawberry	yogurt	107
strawberry	yogurt	59
submarine	forest	46
sugar	apple	56
sugar	baby	337
sugar	candy	136
sugar	candy	51
sugar	candy	43
sugar	crust	53
sugar	maple	679
sugar	maple	625
sugar	maple	538
sugar	maple	479
sugar	maple	198
sugar	maple	168
sugar	maple	158
sugar	maple	94
sugar	pine	209
sugar	pine	160
sugar	pine	153
sugar	pine	78
sugar	plum	44
sugar	plum	40
sugar	soap	109
sugar	soap	45
sugar	soap	43
sugar	tree	70
sugar	tree	52
sugar	tree	44
sulfur	mustard	55
sulphur	rose	86
sulphur	smoke	51
summer	baby	105
summer	baby	91
summer	cloud	1898
summer	cloud	176
summer	corn	72
summer	dawn	106
summer	dawn	81
summer	dawn	72
summer	dawn	49
summer	dust	75
summer	foliage	98
summer	foliage	67
summer	forest	82
summer	garden	1019
summer	garden	882
summer	garden	439
summer	garden	312
summer	garden	192
summer	garden	47
summer	grass	319
summer	grass	151
summer	lawn	48
summer	lawn	42
summer	meadow	199
summer	meadow	102
summer	midnight	45
summer	moon	1073
summer	moon	119
summer	moon	63
summer	moon	47
summer	moonlight	200
summer	moonlight	53
summer	night	3172
summer	night	2842
summer	night	1402
summer	night	1356
summer	rose	95
summer	rose	49
summer	rose	44
summer	salad	214
summer	salad	82
summer	sky	2282
summer	sky	1988
summer	sky	849
summer	sky	605
summer	smog	47
summer	storm	1154
summer	storm	667
summer	storm	72
summer	storm	71
summer	sun	10022
summer	sun	5504
summer	sun	516
summer	sun	441
summer	sun	285
summer	sun	175
summer	sun	64
summer	sunset	674
summer	sunset	356
summer	sunset	79
summer	sunset	70
summer	sunshine	982
summer	sunshine	643
summer	sunshine	50
summer	sunshine	49
summer	tan	122
summer	tan	88
summer	tree	52
summer	wine	239
summer	wine	154
summer	wood	80
summer	wood	78
summer	wood	55
sun	bear	109
sun	bear	101
sun	bear	59
sun	bear	51
sun	burnt	63
sun	canopy	391
sun	canopy	223
sun	canopy	114
sun	canopy	114
sun	canopy	101
sun	canopy	71
sun	canopy	62
sun	canopy	42
sun	canopy	40
sun	cream	333
sun	cream	118
sun	cream	98
sun	cream	80
sun	cream	57
sun	cream	56
sun	rose	9404
sun	rose	5032
sun	sable	52
sun	sable	41
sun	stone	56
sun	tan	618
sun	tan	397
sun	tan	52
sunflower	oil	1058
sunflower	oil	551
sunflower	oil	427
sunflower	oil	262
sunflower	oil	217
sunflower	oil	176
sunflower	oil	111
sunset	cloud	179
sunset	garden	52
sunset	gold	46
sunset	sky	717
sunset	sky	507
sunset	sky	500
sunset	sky	306
sunset	sky	285
sunset	toast	50
tan	floral	48
tan	leather	553
tan	leather	340
tan	leather	205
tan	leather	143
tan	leather	81
tan	satin	42
tandoori	lamb	62
tandoori	oven	180
tandoori	oven	143
tandoori	oven	111
tandoori	oven	92
tangerine	tree	64
tar	baby	307
tar	baby	286
tar	baby	180
tar	baby	151
tar	paper	186
tar	paper	183
tar	paper	180
tar	paper	159
tar	paper	129
tar	paper	109
tar	paper	83
tar	sand	80
taxi	park	46
tea	biscuit	43
tea	garden	500
tea	garden	421
tea	garden	352
tea	garden	346
tea	garden	281
tea	garden	66
tea	leaf	375
tea	leaf	235
tea	leaf	162
tea	leaf	116
tea	leaf	66
tea	leaf	45
tea	rose	564
tea	rose	85
tea	rose	85
tea	rose	67
tea	tree	884
tea	tree	298
tea	tree	274
tea	tree	224
tea	tree	203
tea	tree	124
tea	tree	76
tea	tree	58
teak	forest	103
teak	forest	45
teak	oil	397
teak	oil	134
teak	oil	45
teak	tree	40
teak	wood	453
teak	wood	215
teak	wood	150
teak	wood	133
teak	wood	74
teak	wood	68
teal	canopy	52
tiger	bone	79
tiger	bone	56
tiger	cat	103
tiger	cat	75
tiger	cat	52
tiger	coral	155
tiger	eye	131
tiger	eye	45
tiger	eye	43
tiger	lily	117
tiger	lily	94
tiger	lily	93
tiger	lily	70
tiger	lily	63
tiger	lily	53
tiger	maple	49
tiger	prawn	94
tiger	shrimp	111
tiger	shrimp	77
tiger	shrimp	60
tiger	shrimp	42
tiger	trout	148
tiger	urine	54
tobacco	barn	157
tobacco	barn	137
tobacco	barn	98
tobacco	barn	87
tobacco	dust	51
tobacco	leaf	309
tobacco	leaf	277
tobacco	leaf	272
tobacco	leaf	227
tobacco	leaf	213
tobacco	leaf	98
tobacco	smoke	3345
tobacco	smoke	1085
tobacco	smoke	891
tobacco	smoke	733
tobacco	smoke	432
tobacco	smoke	383
tobacco	smoke	379
tobacco	sunburst	42
toffee	apple	117
toffee	apple	64
toffee	candy	44
toilet	paper	5871
toilet	paper	4841
toilet	paper	3126
toilet	paper	2160
toilet	paper	2059
toilet	paper	1851
toilet	paper	1449
toilet	paper	1062
toilet	paper	817
toilet	paper	120
toilet	paper	63
toilet	soap	80
toilet	soap	65
tomato	curry	149
tomato	garden	66
tomato	gravy	243
tomato	gravy	111
tomato	gravy	43
tomato	ketchup	404
tomato	ketchup	276
tomato	ketchup	125
tomato	ketchup	101
tomato	ketchup	96
tomato	ketchup	95
tomato	leaf	87
tomato	salad	999
tomato	salad	755
tomato	salad	260
tomato	salad	190
tomato	salad	89
tomato	salad	83
tomato	salad	80
topaz	blood	60
tree	bark	924
tree	bark	659
tree	bark	401
tree	bark	337
tree	bark	141
tree	bark	122
tree	bark	93
tree	bark	93
tree	bark	57
tree	bark	56
tree	bark	40
tree	canopy	3926
tree	canopy	1935
tree	canopy	335
tree	canopy	244
tree	canopy	106
tree	canopy	93
tree	fern	131
tree	fern	112
tree	fern	111
tree	fern	96
tree	fern	80
tree	foliage	131
tree	foliage	119
tree	foliage	55
tree	foliage	44
tree	frog	639
tree	frog	457
tree	frog	239
tree	frog	158
tree	frog	47
tree	garden	93
tree	kangaroo	59
tree	kangaroo	45
tree	kangaroo	44
tree	kangaroo	40
tree	lawn	131
tree	lawn	121
tree	leaf	576
tree	leaf	142
tree	lizard	102
tree	nut	53
tree	nut	43
tree	pineapple	149
tree	rose	48
tree	sap	607
tree	sap	149
tree	sap	133
tree	sap	86
tree	sap	68
tree	sap	57
tree	shadow	81
tree	squirrel	55
tree	squirrel	53
tree	tomato	42
trout	lily	44
turf	algae	92
turf	canopy	107
turf	fire	140
turf	fire	100
turf	fire	81
turf	fire	66
turf	grass	365
turf	grass	140
turf	grass	124
turf	grass	81
turf	grass	79
turf	grass	41
turkey	bacon	190
turkey	bacon	182
turkey	bacon	167
turkey	bacon	111
turkey	bacon	66
turkey	bacon	59
turkey	bacon	52
turkey	bacon	48
turkey	barn	49
turkey	bone	40
turkey	gravy	69
turkey	gravy	62
turkey	gravy	48
turkey	ham	90
turkey	ham	56
turkey	hunter	123
turkey	hunter	83
turkey	hunter	73
turkey	hunter	59
turkey	hunter	48
turkey	hunter	41
turkey	salad	165
turquoise	lagoon	186
turquoise	lagoon	137
turquoise	lagoon	132
turquoise	lagoon	76
turquoise	ocean	213
turquoise	ocean	104
turquoise	ocean	96
turquoise	ocean	77
turquoise	ocean	68
turquoise	sky	161
turquoise	sky	119
turquoise	sky	115
turquoise	sky	77
turquoise	sky	57
turquoise	stone	152
turquoise	stone	99
turquoise	stone	57
turquoise	stone	54
turquoise	stone	42
urine	sugar	109
vanilla	bean	960
vanilla	bean	885
vanilla	bean	645
vanilla	bean	360
vanilla	bean	297
vanilla	bean	252
vanilla	bean	224
vanilla	bean	183
vanilla	bean	100
vanilla	bourbon	41
vanilla	buttercream	142
vanilla	buttercream	56
vanilla	candy	53
vanilla	cream	291
vanilla	cream	279
vanilla	cream	166
vanilla	cream	150
vanilla	cream	138
vanilla	cream	63
vanilla	cream	46
vanilla	custard	162
vanilla	custard	158
vanilla	custard	153
vanilla	custard	124
vanilla	custard	88
vanilla	custard	68
vanilla	ice	40
vanilla	milkshake	356
vanilla	milkshake	143
vanilla	milkshake	40
vanilla	oil	65
vanilla	orchid	111
vanilla	orchid	100
vanilla	orchid	97
vanilla	orchid	40
vanilla	sugar	230
vanilla	sugar	134
vanilla	sugar	96
vanilla	sugar	93
vanilla	sugar	88
vanilla	sugar	65
vanilla	sugar	50
vanilla	yogurt	296
vanilla	yogurt	275
vanilla	yogurt	220
vanilla	yogurt	213
vanilla	yogurt	75
vanilla	yogurt	49
vanilla	yogurt	40
velvet	grass	74
velvet	night	143
velvet	night	86
velvet	night	42
velvet	pillow	118
velvet	pillow	74
velvet	ribbon	216
velvet	ribbon	197
velvet	ribbon	143
velvet	ribbon	142
velvet	ribbon	137
velvet	ribbon	58
velvet	ribbon	45
velvet	sky	446
velvet	sky	136
velvet	sky	84
velvet	sky	83
velvet	turf	58
velvet	turf	40
verdigris	coral	253
violet	bruise	177
violet	carnation	67
violet	fire	61
violet	ink	136
violet	ink	67
violet	leaf	141
violet	leaf	106
violet	leaf	71
violet	silk	56
violet	silk	47
violet	sky	153
violet	sky	110
violet	sky	78
violet	sky	59
vomit	blood	64
vomit	blood	51
waffle	iron	1177
waffle	iron	841
waffle	iron	780
waffle	iron	360
walnut	crust	53
walnut	ink	65
walnut	ketchup	50
walnut	oil	474
walnut	oil	469
walnut	oil	212
walnut	oil	161
walnut	oil	155
walnut	oil	130
walnut	oil	114
walnut	pate	44
walnut	plaque	65
walnut	salad	252
walnut	salad	148
walnut	tree	683
walnut	tree	618
walnut	tree	513
walnut	tree	455
walnut	wood	153
walnut	wood	86
walnut	wood	75
walnut	wood	46
wasabi	caviar	82
wasabi	cream	111
wasabi	cream	81
wasabi	cream	50
wasabi	cream	41
wasabi	mayo	74
wasabi	mayo	73
wasabi	mayo	72
wasabi	mayo	49
wasabi	mayonnaise	131
wasabi	mayonnaise	82
wasabi	mayonnaise	77
wasabi	mayonnaise	56
watermelon	wine	69
wax	fire	57
wax	myrtle	214
wax	myrtle	85
wax	myrtle	42
wax	paper	5144
wax	paper	2516
wax	paper	1883
wax	paper	1578
wax	paper	727
wax	paper	353
wax	paper	116
wax	paper	99
wax	paper	50
whale	bone	55
whale	bone	41
whale	oil	159
whale	oil	108
whale	oil	100
whale	oil	93
whale	oil	71
whale	oil	65
whale	oil	56
whale	skeleton	72
whale	skeleton	68
wholemeal	flour	83
wholemeal	flour	71
wholemeal	flour	57
wholemeal	flour	54
wholemeal	flour	53
wholemeal	flour	45
willow	bark	160
willow	bark	111
willow	bark	71
willow	bark	58
willow	bark	46
willow	garden	42
willow	leaf	85
willow	leaf	66
willow	tree	1973
willow	tree	1804
willow	tree	1410
willow	tree	1194
willow	tree	48
wine	buff	204
wine	buff	65
wine	buff	52
wine	buff	46
wine	buff	44
wine	fridge	107
wine	fridge	75
wine	garden	250
wine	garden	117
wine	garden	53
wine	garden	51
wine	grape	74
wine	grape	67
wine	grape	63
wine	grape	46
wine	grape	43
wine	refrigerator	118
wine	refrigerator	102
wine	refrigerator	94
wine	refrigerator	42
wine	tree	45
wine	wine	258
winter	ale	45
winter	apple	112
winter	apple	71
winter	baby	129
winter	baby	101
winter	boot	438
winter	boot	41
winter	dawn	447
winter	dawn	95
winter	dawn	49
winter	fire	244
winter	fire	219
winter	fire	188
winter	fire	134
winter	foliage	75
winter	forest	402
winter	forest	193
winter	forest	86
winter	forest	84
winter	garden	1681
winter	garden	1102
winter	garden	871
winter	garden	836
winter	garden	272
winter	garden	169
winter	garden	132
winter	garden	114
winter	garden	43
winter	grass	63
winter	grass	49
winter	ice	222
winter	ice	132
winter	ice	57
winter	melon	65
winter	mist	44
winter	moon	188
winter	moon	155
winter	moon	62
winter	moon	60
winter	moonlight	96
winter	mud	65
winter	night	1793
winter	night	1734
winter	night	864
winter	night	735
winter	park	41
winter	pear	40
winter	rust	57
winter	salad	79
winter	salad	54
winter	scenery	152
winter	scenery	71
winter	sky	1687
winter	sky	1677
winter	sky	286
winter	sky	240
winter	snow	1334
winter	snow	840
winter	snow	170
winter	snow	123
winter	snow	115
winter	snow	75
winter	snow	53
winter	snow	50
winter	snow	42
winter	storm	3943
winter	storm	2593
winter	storm	458
winter	storm	363
winter	sun	2104
winter	sun	1301
winter	sun	239
winter	sun	229
winter	sun	133
winter	sun	96
winter	sun	94
winter	sun	56
winter	sunset	194
winter	sunset	77
winter	sunset	64
winter	sunset	41
winter	sunshine	444
winter	sunshine	222
winter	sunshine	57
winter	sunshine	42
winter	tree	100
winter	tree	83
winter	wood	69
wintry	dawn	43
wintry	forest	139
wintry	forest	75
wintry	garden	55
wintry	moon	81
wintry	night	231
wintry	night	202
wintry	night	158
wintry	night	119
wintry	night	73
wintry	ocean	78
wintry	sky	280
wintry	sky	237
wintry	sky	160
wintry	sky	66
wintry	snow	51
wintry	storm	67
wintry	storm	58
wintry	storm	41
wintry	sun	162
wintry	sunshine	135
wood	ash	240
wood	ash	162
wood	ash	132
wood	ash	117
wood	ash	95
wood	ash	87
wood	charcoal	101
wood	coffin	54
wood	dust	339
wood	dust	254
wood	dust	176
wood	dust	103
wood	dust	81
wood	dust	69
wood	fire	3299
wood	fire	2397
wood	fire	821
wood	fire	588
wood	fire	457
wood	fire	426
wood	fire	193
wood	fire	156
wood	fire	95
wood	flour	171
wood	flour	145
wood	flour	123
wood	flour	43
wood	frog	397
wood	frog	124
wood	frog	60
wood	frog	47
wood	heart	61
wood	mouse	171
wood	mouse	72
wood	oil	80
wood	oven	274
wood	oven	274
wood	oven	175
wood	oven	163
wood	oven	84
wood	oven	80
wood	oven	41
wood	pigeon	386
wood	pigeon	108
wood	pigeon	86
wood	pigeon	78
wood	pigeon	67
wood	plaque	152
wood	plaque	66
wood	putty	558
wood	putty	241
wood	putty	213
wood	sage	57
wood	sap	85
wood	smoke	833
wood	smoke	323
wood	smoke	171
wood	smoke	170
wood	smoke	146
wood	smoke	141
wood	smoke	133
wood	tar	43
wood	tiger	63
wood	wool	3448
wood	wool	341
wood	wool	42
wool	wax	54
yogurt	cheese	87
yogurt	cheese	73
yogurt	cheese	65
yogurt	cheese	41
yogurt	cheese	40
zinc	coffin	64
zinc	dust	81
zinc	dust	79
zinc	dust	60
zinc	dust	53
zinc	salt	66
zinc	salt	40
